class_label,variable,n_samples,mean,std,min,max
0,xmeas_1,1460,0.25055273972602743,0.030112783957488683,0.16668,0.35692
0,xmeas_2,1460,3662.1988356164384,33.887539567173626,3559.5,3756.1
0,xmeas_3,1460,4511.155205479452,36.51158782546871,4412.8,4634.9
0,xmeas_4,1460,9.344197191780822,0.0786291962270073,9.0911,9.6015
0,xmeas_5,1460,26.90403698630137,0.20628922249894321,26.28,27.529
0,xmeas_6,1460,42.331404794520544,0.22071463122059815,41.617,42.964
0,xmeas_7,1460,2705.5704794520548,6.376474156017567,2689.9,2724.7
0,xmeas_8,1460,75.00735136986302,0.5280040479698587,73.302,76.75
0,xmeas_9,1460,120.39992465753426,0.0194455657930592,120.34,120.46
0,xmeas_10,1460,0.33710943150684936,0.012027002867011027,0.29407,0.37088
0,xmeas_11,1460,80.08847397260274,0.21727586910983906,79.351,80.697
0,xmeas_12,1460,49.975582191780816,1.0345366679327777,46.4,53.512
0,xmeas_13,1460,2634.335273972603,6.656818866119173,2617.7,2654.1
0,xmeas_14,1460,25.163600684931506,1.0483068172718657,21.473,28.66
0,xmeas_15,1460,49.969723287671236,1.0330382182617723,46.61,54.089
0,xmeas_16,1460,3102.7531506849314,5.678616595065689,3088.8,3121.0
0,xmeas_17,1460,22.907742465753426,0.6099585853013406,20.812,24.705
0,xmeas_18,1460,65.80774452054794,0.4308145350489392,64.304,66.975
0,xmeas_19,1460,232.73816438356164,10.122782713767469,197.48,261.95
0,xmeas_20,1460,341.440198630137,1.4513281578588186,336.25,345.32
0,xmeas_21,1460,94.6041801369863,0.125272609176899,94.193,94.966
0,xmeas_22,1460,77.2817095890411,0.2575947224460248,76.319,78.101
0,xmeas_23,1460,32.187050684931506,0.28583192462691304,31.272,33.002
0,xmeas_24,1460,8.895352328767125,0.10238848783654608,8.5732,9.1824
0,xmeas_25,1460,26.396319178082194,0.2982347071525821,25.622,27.312
0,xmeas_26,1460,6.882551232876712,0.10739413158146141,6.6028,7.2306
0,xmeas_27,1460,18.772434246575344,0.26932126335967216,17.925,19.557
0,xmeas_28,1460,1.6556087671232875,0.02502990244286613,1.5774,1.7375
0,xmeas_29,1460,32.97360410958904,0.3363354150684937,31.953,34.082
0,xmeas_30,1460,13.824017808219176,0.1040756089402109,13.525,14.133
0,xmeas_31,1460,23.999538356164383,0.3585966047186352,23.012,25.14
0,xmeas_32,1460,1.2528703835616437,0.10525515020370185,0.98405,1.6045
0,xmeas_33,1460,18.558086301369862,0.3157825046081642,17.573,19.418
0,xmeas_34,1460,2.2628838356164387,0.02604047804067889,2.1854,2.3314
0,xmeas_35,1460,4.83894397260274,0.06281872740940515,4.6295,5.0331
0,xmeas_36,1460,2.298745205479452,0.053548985065397556,2.1372,2.5081
0,xmeas_37,1460,0.018056074828767123,0.009835863328255808,-0.0063811,0.047386
0,xmeas_38,1460,0.8357385958904109,0.01643299818922369,0.78268,0.88266
0,xmeas_39,1460,0.09850359589041095,0.009970468493944623,0.074284,0.12423
0,xmeas_40,1460,53.68954452054795,0.5151620998349448,52.463,55.057
0,xmeas_41,1460,43.87847260273972,0.5284043082956784,42.19,45.445
0,xmv_1,1460,63.024536301369864,0.5784751167004107,61.033,64.855
0,xmv_2,1460,53.992551369863016,0.43684093304809857,52.481,55.282
0,xmv_3,1460,24.654652739726032,2.9673555682624726,16.627,34.859
0,xmv_4,1460,61.30841643835616,1.232040267985016,56.905,66.024
0,xmv_5,1460,22.238923972602738,0.46770188199188545,20.665,23.468
0,xmv_6,1460,40.03934726027397,1.4566486512916665,35.208,44.575
0,xmv_7,1460,38.028169863013694,3.044453365488793,27.504,48.434
0,xmv_8,1460,46.46394863013698,2.3907619335957335,38.688,55.997
0,xmv_9,1460,48.08331369863013,2.6670740026588495,39.353,55.624
0,xmv_10,1460,41.09952602739726,0.5431442312463882,39.366,43.051
0,xmv_11,1460,18.223785616438356,1.4464215895089625,13.975,23.144
1,xmeas_1,1440,0.7027976597222223,0.19010099814036563,0.1802,1.0102
1,xmeas_2,1440,3655.0105555555565,35.615567837400945,3523.1,3786.6
1,xmeas_3,1440,4491.358611111111,72.70110089766119,4216.1,4745.6
1,xmeas_4,1440,8.858762777777777,0.2841327920772728,8.009,9.5652
1,xmeas_5,1440,26.89807569444445,0.2060751712319235,26.133,27.539
1,xmeas_6,1440,42.291541666666674,0.24855373672848968,41.609,43.21
1,xmeas_7,1440,2711.0268055555557,29.979302859378965,2649.3,2822.6
1,xmeas_8,1440,75.08238333333333,1.0893720457517362,71.447,78.893
1,xmeas_9,1440,120.40052083333333,0.019091771619521174,120.34,120.47
1,xmeas_10,1440,0.3197282430555556,0.023147776783469395,0.226,0.40363
1,xmeas_11,1440,80.00047708333334,0.707419877739979,77.322,81.565
1,xmeas_12,1440,49.98486180555555,1.003687100317378,46.481,52.916
1,xmeas_13,1440,2639.6565972222224,30.538130931845778,2573.5,2750.0
1,xmeas_14,1440,25.121874305555554,1.054497088650186,21.689,28.427
1,xmeas_15,1440,49.953256249999995,0.9989645252037384,46.921,52.696
1,xmeas_16,1440,3108.7361111111113,29.471017814980275,3057.0,3233.0
1,xmeas_17,1440,22.96088611111111,0.6272588796503593,21.115,25.383
1,xmeas_18,1440,67.90861666666666,1.7125216050234222,64.491,72.831
1,xmeas_19,1440,275.8635694444444,41.28086952883888,225.51,395.05
1,xmeas_20,1440,340.48193055555555,6.306189930034861,323.69,358.56
1,xmeas_21,1440,94.65354305555556,0.26462256458786537,93.753,95.644
1,xmeas_22,1440,77.2002611111111,0.4965875587346887,75.124,78.496
1,xmeas_23,1440,32.02249583333333,0.830192055601269,29.135,34.344
1,xmeas_24,1440,8.8949775,0.14228007974319642,8.4786,9.4549
1,xmeas_25,1440,26.55394166666667,0.9654015123181151,24.505,30.474
1,xmeas_26,1440,6.882605138888889,0.11334481874985408,6.504,7.3391
1,xmeas_27,1440,18.781580555555557,0.5986886472579005,16.644,20.657
1,xmeas_28,1440,1.6898463888888888,0.041607373434637995,1.5308,1.7782
1,xmeas_29,1440,32.69934722222222,1.2039717773170668,28.55,35.572
1,xmeas_30,1440,13.81381111111111,0.1879669078822286,13.181,14.536
1,xmeas_31,1440,24.246051388888887,1.4396239737106962,21.157,30.336
1,xmeas_32,1440,1.2548554861111112,0.12020573773120073,0.89669,1.5847
1,xmeas_33,1440,18.561812500000002,0.8145514057543577,15.726,21.069
1,xmeas_34,1440,2.3057818055555557,0.05780253572654078,2.0878,2.4403
1,xmeas_35,1440,4.81864125,0.15351769471922164,4.2092,5.1655
1,xmeas_36,1440,2.2872409722222224,0.08355863812918093,1.9117,2.492
1,xmeas_37,1440,0.01832146642361111,0.009692941066709152,-0.012637,0.047479
1,xmeas_38,1440,0.8368560069444445,0.06472408041450844,0.65322,1.0171
1,xmeas_39,1440,0.09992412152777778,0.011707349324662783,0.05971,0.12836
1,xmeas_40,1440,53.73973958333334,0.5227017516291544,52.299,55.058
1,xmeas_41,1440,43.83034027777778,0.5590514298575532,42.225,45.499
1,xmv_1,1440,62.905139583333344,0.6302202130895377,60.667,65.031
1,xmv_2,1440,53.752525,0.8661905435575,50.82,56.659
1,xmv_3,1440,69.13435625,18.689764354376667,17.512,99.342
1,xmv_4,1440,58.06719236111111,2.16610294969648,51.815,64.99
1,xmv_5,1440,22.192370833333335,1.6651888785877949,17.468,27.934
1,xmv_6,1440,38.04647847222222,2.8204240659828845,27.503,48.063
1,xmv_7,1440,38.05543611111111,2.953721331481024,27.743,46.682
1,xmv_8,1440,46.42579861111112,2.3118533106770442,39.407,52.774
1,xmv_9,1440,61.373886111111105,13.142239060480108,46.346,100.2
1,xmv_10,1440,41.01169236111111,0.7482456622210664,38.303,43.446
1,xmv_11,1440,18.150274305555556,1.5109665979812215,12.459,23.574
2,xmeas_1,1440,0.2786585555555556,0.034884669885891714,0.15226,0.37805
2,xmeas_2,1440,3691.2683333333334,37.01328458243424,3565.4,3804.8
2,xmeas_3,1440,4636.993263888889,69.39426123082423,4341.8,4788.3
2,xmeas_4,1440,9.584345208333334,0.12798060161528624,9.1553,9.8957
2,xmeas_5,1440,26.907842361111115,0.21278920264994752,26.234,27.687
2,xmeas_6,1440,42.61408472222222,0.2500689573610486,41.751,43.349
2,xmeas_7,1440,2701.1575694444446,18.595681563834315,2672.6,2766.4
2,xmeas_8,1440,74.99225069444445,0.5699607477672022,72.523,76.683
2,xmeas_9,1440,120.40022222222223,0.01876538310612029,120.34,120.46
2,xmeas_10,1440,0.6446457083333333,0.13158341649557792,0.31052,0.79298
2,xmeas_11,1440,81.01151875,0.6992987023563458,79.202,82.26
2,xmeas_12,1440,49.805259722222225,0.9888055052516871,46.895,52.74
2,xmeas_13,1440,2629.3200694444445,18.93840918858291,2599.8,2695.6
2,xmeas_14,1440,24.872278472222227,1.0233589033103,21.616,28.169
2,xmeas_15,1440,49.95387152777778,1.0122571113647139,46.808,53.173
2,xmeas_16,1440,3101.683888888889,17.123215047198958,3074.8,3160.4
2,xmeas_17,1440,22.968091666666663,0.6096936333489236,21.132,24.81
2,xmeas_18,1440,63.56131388888888,1.2861745575312622,61.362,66.619
2,xmeas_19,1440,154.48309930555556,46.177534642703755,85.72,254.97
2,xmeas_20,1440,341.61582638888893,2.1146621105915866,336.59,349.73
2,xmeas_21,1440,94.46473055555556,0.15041897348910035,94.022,94.919
2,xmeas_22,1440,78.75222777777778,0.7422924276528228,76.676,79.99
2,xmeas_23,1440,32.18097222222222,0.3075693799467241,31.345,33.227
2,xmeas_24,1440,9.036116666666667,0.28233283361444445,8.6008,10.05
2,xmeas_25,1440,26.631405555555556,0.38166655796671095,25.362,27.651
2,xmeas_26,1440,6.878244166666665,0.10731915483472927,6.5812,7.1642
2,xmeas_27,1440,18.717020833333336,0.3368266508983307,17.485,19.798
2,xmeas_28,1440,1.1808316527777778,0.25490081967597655,0.92862,1.7213
2,xmeas_29,1440,32.88099722222222,0.3552272105052118,31.709,33.857
2,xmeas_30,1440,13.984979166666669,0.41922132835865994,13.358,15.253
2,xmeas_31,1440,24.290602777777778,0.4761440739361018,22.314,25.438
2,xmeas_32,1440,1.2551104166666667,0.10748544881833513,0.99312,1.6229
2,xmeas_33,1440,18.55965972222222,0.412339820239364,16.947,19.778
2,xmeas_34,1440,1.6270601388888888,0.3396779230054934,1.3039,2.3223
2,xmeas_35,1440,5.018970138888888,0.1591164390582474,4.6058,5.3062
2,xmeas_36,1440,2.3863690277777776,0.08906223214319643,2.1184,2.566
2,xmeas_37,1440,0.01803877763888889,0.010195665802325928,-0.0076308,0.050055
2,xmeas_38,1440,0.834490486111111,0.021818763572253697,0.76848,0.89161
2,xmeas_39,1440,0.07126819097222221,0.018746399331500886,0.032736,0.11654
2,xmeas_40,1440,53.73947916666667,0.5130524950383193,52.136,55.172
2,xmeas_41,1440,43.796013888888886,0.5167008856460338,42.001,45.22
2,xmv_1,1440,63.51742152777778,0.6210524475052135,61.66,65.309
2,xmv_2,1440,55.489715972222214,0.8250076718882822,52.364,57.542
2,xmv_3,1440,27.42396944444444,3.4400004525768098,14.682,37.294
2,xmv_4,1440,62.8099875,1.419777752228398,58.245,67.099
2,xmv_5,1440,21.608543055555554,0.838892834550404,19.705,24.649
2,xmv_6,1440,76.67963402777778,15.705528968113896,37.003,94.247
2,xmv_7,1440,37.52690833333333,2.9099133842832106,28.963,46.163
2,xmv_8,1440,46.427246527777775,2.3426556634868194,39.147,53.876
2,xmv_9,1440,30.235007638888888,10.322090227650905,15.601,53.939
2,xmv_10,1440,41.41707638888889,0.5673099560544606,39.642,43.134
2,xmv_11,1440,17.121513888888888,1.5448910290620228,12.328,21.913
3,xmeas_1,1440,0.25084440277777775,0.02985276488052796,0.17245,0.33927
3,xmeas_2,1440,3664.3206250000003,34.42593158389027,3540.5,3769.4
3,xmeas_3,1440,4508.625208333333,39.663264643149795,4372.9,4665.3
3,xmeas_4,1440,9.344407152777778,0.08678971653763293,9.0827,9.6798
3,xmeas_5,1440,26.902920833333337,0.20986698685511973,26.305,27.586
3,xmeas_6,1440,42.34737291666667,0.2184490449245709,41.421,43.104
3,xmeas_7,1440,2704.5148611111113,7.969313190335674,2685.7,2725.8
3,xmeas_8,1440,75.00925138888888,0.5553471258212318,73.012,76.833
3,xmeas_9,1440,120.40000694444446,0.01935190248121662,120.33,120.46
3,xmeas_10,1440,0.33736713888888886,0.01290325714309297,0.29732,0.38364
3,xmeas_11,1440,80.11908541666668,0.25092379493446915,79.375,80.861
3,xmeas_12,1440,49.9920298611111,1.0354325841674974,46.798,53.071
3,xmeas_13,1440,2633.252847222222,8.395843818016848,2612.6,2655.7
3,xmeas_14,1440,25.1868625,1.0116628488721175,21.777,28.562
3,xmeas_15,1440,49.987697222222224,1.0046302173016495,46.652,53.982
3,xmeas_16,1440,3101.6793750000006,6.60976794378397,3084.4,3117.8
3,xmeas_17,1440,22.964879166666666,0.6044653395780566,21.095,24.944
3,xmeas_18,1440,65.8064,0.4371242570737839,64.627,66.719
3,xmeas_19,1440,231.99249999999998,10.853163688850552,201.19,259.88
3,xmeas_20,1440,341.44155555555557,1.8361379528891617,336.38,346.55
3,xmeas_21,1440,94.56822569444444,0.13884779926802732,94.009,95.027
3,xmeas_22,1440,77.30247638888889,0.26164847750342957,76.441,78.16
3,xmeas_23,1440,32.18675555555556,0.2845439274843361,31.359,32.964
3,xmeas_24,1440,8.896228194444445,0.10648127879937501,8.5624,9.2405
3,xmeas_25,1440,26.37607777777778,0.3148999634759318,25.492,27.369
3,xmeas_26,1440,6.880192222222222,0.11270367757428867,6.5495,7.2458
3,xmeas_27,1440,18.778888888888886,0.2949775108590376,17.758,19.715
3,xmeas_28,1440,1.6573187499999997,0.025313078878323122,1.578,1.7295
3,xmeas_29,1440,32.973105555555556,0.3312036422574234,31.845,33.889
3,xmeas_30,1440,13.823947222222223,0.11021782712197302,13.46,14.243
3,xmeas_31,1440,23.950770833333333,0.3756535397337871,22.804,24.968
3,xmeas_32,1440,1.261479125,0.10755817816932023,0.9122,1.6329
3,xmeas_33,1440,18.575394444444445,0.35682147099787037,17.685,19.82
3,xmeas_34,1440,2.265163611111111,0.026397930052653423,2.1675,2.347
3,xmeas_35,1440,4.847408472222223,0.07348948725543428,4.6547,5.036
3,xmeas_36,1440,2.303334027777778,0.05205002907303458,2.1612,2.4818
3,xmeas_37,1440,0.018452971006944447,0.00978088461848556,-0.015286,0.054085
3,xmeas_38,1440,0.8356732638888889,0.018913952949180364,0.78652,0.90562
3,xmeas_39,1440,0.09742248263888889,0.010695289589118744,0.07294,0.13047
3,xmeas_40,1440,53.77832291666667,0.4802984108627064,52.362,55.265
3,xmeas_41,1440,43.79672222222222,0.5216274639822986,42.356,45.415
3,xmv_1,1440,63.07458472222223,0.6165542086400211,60.92,64.98
3,xmv_2,1440,53.957887500000005,0.4814102948390978,52.381,55.658
3,xmv_3,1440,24.660924305555554,2.930160701945912,16.924,33.686
3,xmv_4,1440,61.32238541666668,1.260341178174462,57.072,65.086
3,xmv_5,1440,22.21819236111111,0.5798450139885436,20.349,23.858
3,xmv_6,1440,40.115120833333336,1.58944589122194,35.64,46.121
3,xmv_7,1440,38.07658472222222,3.047090421581298,28.678,47.136
3,xmv_8,1440,46.505524305555554,2.3250217536772597,38.786,55.75
3,xmv_9,1440,47.942551388888894,2.81889691906317,40.711,54.916
3,xmv_10,1440,41.17870972222222,0.5662023402520883,39.181,42.916
3,xmv_11,1440,18.07462361111111,1.4334873880604742,13.395,22.534
4,xmeas_1,1440,0.25009593750000003,0.02887790229010964,0.14267,0.33669
4,xmeas_2,1440,3664.3350694444443,34.72236632797679,3564.1,3797.3
4,xmeas_3,1440,4508.224722222222,38.60146597914807,4386.2,4636.1
4,xmeas_4,1440,9.349140208333335,0.079222481567924,9.0808,9.6452
4,xmeas_5,1440,26.90401597222222,0.20731794785516316,26.261,27.55
4,xmeas_6,1440,42.3410375,0.2192863210533479,41.618,43.053
4,xmeas_7,1440,2705.485833333333,7.102816391751029,2689.4,2726.2
4,xmeas_8,1440,75.00422708333333,0.5294021191056157,73.379,76.831
4,xmeas_9,1440,120.40054166666667,0.019968312284291603,120.34,120.6
4,xmeas_10,1440,0.3371339513888889,0.012763842379312966,0.29827,0.37699
4,xmeas_11,1440,80.09478541666667,0.2429939081500178,79.17,80.73
4,xmeas_12,1440,49.97211111111111,0.9964848985500867,46.912,53.214
4,xmeas_13,1440,2634.247013888889,7.426988478477098,2616.8,2656.8
4,xmeas_14,1440,25.164461805555554,1.033384554354339,21.924,28.597
4,xmeas_15,1440,50.04376180555555,1.0410197682832123,46.581,53.255
4,xmeas_16,1440,3102.6522916666663,6.216097622926183,3088.2,3121.5
4,xmeas_17,1440,22.96346111111111,0.6187728534872893,20.916,25.168
4,xmeas_18,1440,65.79551458333333,0.34777948019921645,64.947,66.583
4,xmeas_19,1440,232.18541666666667,8.094339022934923,212.58,251.52
4,xmeas_20,1440,341.44015277777777,1.4193765249290733,337.02,344.81
4,xmeas_21,1440,94.59683541666666,0.12138427884460745,94.163,94.972
4,xmeas_22,1440,77.29386388888888,0.2624731407844106,76.399,78.114
4,xmeas_23,1440,32.18912222222222,0.2791134909924422,31.316,33.227
4,xmeas_24,1440,8.88363,0.10901124724090337,8.5449,9.2298
4,xmeas_25,1440,26.41789305555556,0.2959503479130424,25.399,27.259
4,xmeas_26,1440,6.881656666666667,0.10770730708730955,6.5824,7.1532
4,xmeas_27,1440,18.778644444444446,0.28233136677323223,17.944,19.729
4,xmeas_28,1440,1.6531725000000002,0.024894868188574053,1.5693,1.7206
4,xmeas_29,1440,32.92612638888889,0.31752016783518866,31.892,33.83
4,xmeas_30,1440,13.82190138888889,0.10923261290877623,13.477,14.131
4,xmeas_31,1440,24.025334722222226,0.36077308762326454,23.058,25.21
4,xmeas_32,1440,1.2610156805555555,0.1013727763021911,0.96322,1.556
4,xmeas_33,1440,18.570354166666664,0.3151853987146149,17.627,19.554
4,xmeas_34,1440,2.262768472222222,0.02619451624810956,2.1753,2.3439
4,xmeas_35,1440,4.840707083333333,0.06635758830673422,4.6295,5.0608
4,xmeas_36,1440,2.296674861111111,0.05398088090984432,2.1125,2.4277
4,xmeas_37,1440,0.017408249722222224,0.010096557615812393,-0.0057408,0.046522
4,xmeas_38,1440,0.8356925347222222,0.016412843160262654,0.78963,0.88598
4,xmeas_39,1440,0.09846071527777779,0.011249079248654278,0.071652,0.13295
4,xmeas_40,1440,53.74084722222223,0.4825714624721978,52.125,55.049
4,xmeas_41,1440,43.81834027777778,0.48567182877973203,42.452,45.078
4,xmv_1,1440,63.06911041666667,0.593760462440281,60.945,65.07
4,xmv_2,1440,53.963856250000006,0.4548404154261564,52.417,55.263
4,xmv_3,1440,24.604933333333328,2.8479593886431482,13.893,33.35
4,xmv_4,1440,61.31710347222222,1.2328719730788054,57.794,64.962
4,xmv_5,1440,22.2353625,0.48151349065031285,20.77,23.706
4,xmv_6,1440,40.07431527777778,1.546962253336523,35.169,44.702
4,xmv_7,1440,38.01789722222222,2.932496507594296,29.012,47.558
4,xmv_8,1440,46.63528680555555,2.4091776059486323,38.621,54.067
4,xmv_9,1440,47.94686597222222,2.1201533984671292,43.342,52.633
4,xmv_10,1440,44.480275694444444,1.2859219198079104,39.954,47.398
4,xmv_11,1440,18.08497777777778,1.4683671475885607,12.879,22.914
5,xmeas_1,1440,0.25036861805555555,0.060864916024012505,0.022717,0.47846
5,xmeas_2,1440,3662.4288194444443,37.37785680434804,3525.1,3797.3
5,xmeas_3,1440,4500.643541666666,64.35669709818956,4261.7,4730.9
5,xmeas_4,1440,9.340505277777778,0.16381636021727486,8.7199,9.9531
5,xmeas_5,1440,26.901803472222223,0.2073312359621348,26.22,27.549
5,xmeas_6,1440,42.32455069444444,0.2391825409761068,41.384,43.062
5,xmeas_7,1440,2704.947222222222,21.501141248196703,2630.8,2788.7
5,xmeas_8,1440,74.99762916666667,0.8089329857177353,71.739,77.742
5,xmeas_9,1440,120.40072916666666,0.01955613034806311,120.33,120.47
5,xmeas_10,1440,0.3368723055555556,0.01905290034346356,0.26042,0.39378
5,xmeas_11,1440,80.16848958333334,0.5947694245766365,78.06,82.479
5,xmeas_12,1440,49.97522777777778,1.0123910294190432,46.912,53.207
5,xmeas_13,1440,2633.730486111111,22.45196728720729,2556.2,2721.9
5,xmeas_14,1440,25.12799930555556,1.0358908004807816,21.6,28.934
5,xmeas_15,1440,50.03537777777777,1.0298740629165797,46.602,53.389
5,xmeas_16,1440,3101.947361111111,18.027912686690357,3039.1,3171.0
5,xmeas_17,1440,22.926461805555558,0.634694180843169,20.917,25.173
5,xmeas_18,1440,65.77357291666667,1.373145895378805,60.549,70.096
5,xmeas_19,1440,229.77341666666663,33.554625302851,106.26,349.86
5,xmeas_20,1440,341.29988888888886,4.719020933413472,326.3,356.33
5,xmeas_21,1440,94.61726944444443,0.23370603859935027,93.941,95.519
5,xmeas_22,1440,77.34866319444444,0.37330687561818665,76.012,79.57
5,xmeas_23,1440,32.18903611111111,0.5026502452219604,30.124,33.936
5,xmeas_24,1440,8.88861125,0.13694464441625553,8.345,9.3048
5,xmeas_25,1440,26.395663888888883,0.6143591345122151,24.372,29.037
5,xmeas_26,1440,6.880923194444444,0.11475940801130852,6.5758,7.1919
5,xmeas_27,1440,18.779593055555555,0.5207604128540676,16.682,20.515
5,xmeas_28,1440,1.6557002777777774,0.029905075672867376,1.5481,1.7545
5,xmeas_29,1440,32.92822777777778,0.7054353838675026,30.167,35.193
5,xmeas_30,1440,13.821955555555554,0.1583544663365235,13.194,14.28
5,xmeas_31,1440,23.99332361111111,0.8785359177173133,20.939,27.414
5,xmeas_32,1440,1.262942263888889,0.11461589235354697,0.92523,1.6907
5,xmeas_33,1440,18.566534722222222,0.7363097147354641,15.53,20.902
5,xmeas_34,1440,2.26268625,0.03580864737835553,2.1447,2.3844
5,xmeas_35,1440,4.854853333333334,0.1250617038087811,4.4246,5.3666
5,xmeas_36,1440,2.3024343055555554,0.06968828503482413,2.07,2.563
5,xmeas_37,1440,0.016650976145833333,0.009161997428188809,-0.0038546,0.042934
5,xmeas_38,1440,0.8355982986111111,0.05262440716584241,0.70387,1.0594
5,xmeas_39,1440,0.0989267777777778,0.011889717425777163,0.060548,0.14829
5,xmeas_40,1440,53.74596527777778,0.5005161187943498,52.284,55.066
5,xmeas_41,1440,43.79736111111111,0.4920555106781745,42.593,45.093
5,xmv_1,1440,63.035651388888894,0.6444718342168525,60.934,65.069
5,xmv_2,1440,53.890621527777775,0.7718632325159451,50.64,56.533
5,xmv_3,1440,24.631450208333334,5.989533498572415,2.1838,47.14
5,xmv_4,1440,61.22672569444445,1.5655357484715542,56.183,67.074
5,xmv_5,1440,22.2407125,1.4165364696409326,17.83,27.773
5,xmv_6,1440,40.06545902777778,2.4708606271428724,29.751,47.98
5,xmv_7,1440,38.027076388888894,2.9793195826457817,29.012,47.539
5,xmv_8,1440,46.61593680555555,2.383430398622842,38.67,54.377
5,xmv_9,1440,47.73671111111111,8.772420085129337,18.826,82.163
5,xmv_10,1440,41.08320486111111,0.689566839174168,38.777,43.282
5,xmv_11,1440,20.541138194444446,1.7309284897884014,14.745,25.702
6,xmeas_1,1440,0.027938454741666667,0.07949860486574875,-0.0033137,0.29072
6,xmeas_2,1440,3615.6773611111107,28.72675277866498,3522.8,3756.0
6,xmeas_3,1440,4270.439166666667,127.67738392071331,4115.4,4611.4
6,xmeas_4,1440,9.635016319444444,0.16227771288449078,8.9939,9.9228
6,xmeas_5,1440,26.880366666666667,0.11428337431834995,26.151,27.589
6,xmeas_6,1440,42.29109444444445,0.13493644852066772,41.458,42.977
6,xmeas_7,1440,2939.268472222222,109.06514125638614,2682.7,3000.0
6,xmeas_8,1440,73.93451944444443,0.7743548986112188,72.643,77.562
6,xmeas_9,1440,120.4305902777778,0.024149152352393618,120.35,120.46
6,xmeas_10,1440,0.23886703472222226,0.04378001498932812,0.2048,0.36353
6,xmeas_11,1440,74.74397638888887,2.5693482230542184,73.004,81.046
6,xmeas_12,1440,50.18889583333334,0.5427032653052928,46.995,54.255
6,xmeas_13,1440,2861.142430555556,106.27651589172982,2608.5,2920.5
6,xmeas_14,1440,25.096822222222226,0.6026675935171774,22.273,27.91
6,xmeas_15,1440,49.620775694444454,0.556087534260983,46.323,53.15
6,xmeas_16,1440,3376.641527777778,125.7379344355059,3086.1,3446.0
6,xmeas_17,1440,22.42659722222222,0.43029821292019405,21.284,24.855
6,xmeas_18,1440,67.00648333333334,0.812266147497913,64.535,68.879
6,xmeas_19,1440,413.5297291666667,88.36871951903072,225.41,462.94
6,xmeas_20,1440,313.2889305555555,11.80726716284485,299.56,344.29
6,xmeas_21,1440,95.51934027777776,0.3908072375445799,94.276,96.323
6,xmeas_22,1440,74.0895125,1.4871581052007956,73.081,77.843
6,xmeas_23,1440,25.963508333333337,2.704659400714022,23.823,32.878
6,xmeas_24,1440,8.733363888888888,0.1335152269667475,8.3882,9.1756
6,xmeas_25,1440,33.59113888888889,3.2193497528673647,25.825,36.091
6,xmeas_26,1440,6.823626249999999,0.11604199411128943,6.5039,7.1684
6,xmeas_27,1440,19.1284625,0.3708585291287221,18.136,20.84
6,xmeas_28,1440,1.5368394444444444,0.06402488310334646,1.4297,1.7307
6,xmeas_29,1440,23.589949999999998,4.093689581979402,20.55,33.631
6,xmeas_30,1440,13.5574625,0.14808137324744516,13.199,14.05
6,xmeas_31,1440,35.21385277777778,5.038045973723225,23.352,38.799
6,xmeas_32,1440,1.3004270416666666,0.10946414769618881,0.98187,1.7389
6,xmeas_33,1440,18.773575,0.3972186307982435,17.367,20.465
6,xmeas_34,1440,2.037626527777778,0.10880555290856227,1.9095,2.3247
6,xmeas_35,1440,3.787452361111111,0.500820493539463,3.352,4.9974
6,xmeas_36,1440,1.7239569444444445,0.2748655088029479,1.4316,2.3985
6,xmeas_37,1440,0.021931968854166668,0.010033027533212207,-0.0025887,0.052032
6,xmeas_38,1440,1.0098034027777778,0.08515086614002432,0.81186,1.1039
6,xmeas_39,1440,0.10481252777777778,0.01006437880250223,0.078518,0.12806
6,xmeas_40,1440,54.341628472222226,0.5769051083009813,52.362,55.754
6,xmeas_41,1440,43.00986111111111,0.6500663419515783,41.462,44.896
6,xmv_1,1440,71.29407013888888,9.112431497902861,60.627,95.09
6,xmv_2,1440,45.52532291666667,7.4127306852363235,27.567,55.318
6,xmv_3,1440,90.62379166666668,24.080641428206224,17.784,100.09
6,xmv_4,1440,84.08525138888888,16.80801661669866,57.42,100.0
6,xmv_5,1440,26.422034239583333,20.92331256313273,-0.045435,69.618
6,xmv_6,1440,13.459940068055557,15.027100463193715,0.0,43.322
6,xmv_7,1440,38.65649722222222,1.597121850608372,29.256,50.623
6,xmv_8,1440,45.65636388888888,1.28690299606464,38.025,53.823
6,xmv_9,1440,89.18511875,20.355481156391154,46.051,100.46
6,xmv_10,1440,80.90977777777776,27.324714887968145,36.666,100.38
6,xmv_11,1440,46.23758819444445,25.71368511216959,13.625,100.0
7,xmeas_1,1440,0.2508460977777778,0.09105987799569162,0.0014007,0.57913
7,xmeas_2,1440,3661.2743055555557,38.804121784692875,3507.0,3772.3
7,xmeas_3,1440,4507.563125000001,95.85348383187998,4217.5,4902.2
7,xmeas_4,1440,9.345269930555554,0.2680147649101877,8.2474,10.325
7,xmeas_5,1440,26.902547222222225,0.2138138584840547,26.321,27.528
7,xmeas_6,1440,42.33346944444444,0.284473878466759,41.266,43.24
7,xmeas_7,1440,2705.554236111111,36.045310206464855,2591.8,2856.8
7,xmeas_8,1440,74.84560208333333,1.5104171202001035,68.912,79.697
7,xmeas_9,1440,120.40037499999998,0.021089133779884,120.32,120.47
7,xmeas_10,1440,0.33670889583333335,0.02420215150103242,0.24434,0.41524
7,xmeas_11,1440,80.083275,0.8644524130090644,76.354,82.963
7,xmeas_12,1440,49.97737499999999,0.9934553466121672,46.943,53.261
7,xmeas_13,1440,2634.3006944444446,37.76373884721073,2515.1,2792.0
7,xmeas_14,1440,25.211694444444444,1.0838466928571957,21.642,28.537
7,xmeas_15,1440,50.02780902777778,1.0176899752244981,46.774,53.211
7,xmeas_16,1440,3102.571736111111,29.784576553284406,3002.1,3227.3
7,xmeas_17,1440,22.944220833333333,0.6206972573804931,21.022,25.023
7,xmeas_18,1440,66.01325138888889,2.106498620248103,58.72,72.474
7,xmeas_19,1440,238.26464027777777,50.28579712922168,72.023,394.62
7,xmeas_20,1440,341.2204722222222,8.158677814593563,314.24,363.73
7,xmeas_21,1440,94.6095173611111,0.36376867192688506,93.384,95.981
7,xmeas_22,1440,77.27967222222222,0.4863307822918973,75.376,78.962
7,xmeas_23,1440,32.217684722222224,0.7543604385205575,29.87,34.676
7,xmeas_24,1440,8.885044027777779,0.16466599434396345,8.2952,9.4503
7,xmeas_25,1440,26.380241666666663,0.8770289902997898,23.257,29.613
7,xmeas_26,1440,6.883011111111111,0.11938711318710624,6.5566,7.313
7,xmeas_27,1440,18.77532638888889,0.8093894148532316,16.127,21.445
7,xmeas_28,1440,1.6579290277777778,0.036144604244760334,1.4945,1.7874
7,xmeas_29,1440,33.00697222222223,1.1120575633685672,29.431,36.558
7,xmeas_30,1440,13.821779166666667,0.2058071514363602,13.069,14.555
7,xmeas_31,1440,23.94978333333333,1.2625345732198363,19.935,28.703
7,xmeas_32,1440,1.2573088333333333,0.133130286399986,0.73925,1.6204
7,xmeas_33,1440,18.585469444444445,1.1668539905836126,14.524,22.411
7,xmeas_34,1440,2.266199305555556,0.048317235642315555,2.0473,2.4109
7,xmeas_35,1440,4.8446058333333335,0.17868829031167704,4.1188,5.5316
7,xmeas_36,1440,2.2940691666666666,0.0957666015233831,1.926,2.6269
7,xmeas_37,1440,0.01780730392361111,0.009754534851739759,-0.010213,0.048967
7,xmeas_38,1440,0.8358640625,0.08847604643869497,0.62343,1.1964
7,xmeas_39,1440,0.09904006249999998,0.012296189651572795,0.057921,0.14004
7,xmeas_40,1440,53.681451388888895,0.5100262134709687,52.425,55.643
7,xmeas_41,1440,43.82488888888889,0.5304387252964384,42.475,45.23
7,xmv_1,1440,63.02432847222222,0.6415276360963389,60.525,65.362
7,xmv_2,1440,53.973540972222224,1.1665229475078027,50.104,58.407
7,xmv_3,1440,24.672082201388893,8.95207646523135,0.58003,56.856
7,xmv_4,1440,74.90368680555557,5.4154164133183835,58.143,85.326
7,xmv_5,1440,22.25474513888889,2.4126023356959756,15.346,31.045
7,xmv_6,1440,40.01994236111111,3.2499633222088162,26.723,50.07
7,xmv_7,1440,38.0334375,2.923602239916473,29.103,47.698
7,xmv_8,1440,46.59835277777778,2.3551947010321492,39.069,53.965
7,xmv_9,1440,50.3558611111111,14.171989794793348,12.137,100.16
7,xmv_10,1440,41.08521597222222,0.9379778931447388,37.502,44.538
7,xmv_11,1440,18.144400694444442,1.4829277517887482,12.787,22.642
8,xmeas_1,1440,0.24628142976388886,0.16080328392673932,-0.00044099,0.71778
8,xmeas_2,1440,3663.432916666667,40.79939312448074,3534.8,3798.3
8,xmeas_3,1440,4507.044583333333,108.17202594885835,4206.5,4862.6
8,xmeas_4,1440,9.339475763888888,0.3593919358596089,8.2707,10.506
8,xmeas_5,1440,26.907228472222222,0.2120478000720236,26.236,27.616
8,xmeas_6,1440,42.336709722222224,0.32558973987234013,41.369,43.27
8,xmeas_7,1440,2704.794027777778,53.52637538777962,2549.7,2831.3
8,xmeas_8,1440,75.06167222222221,1.6287219667012136,69.739,79.666
8,xmeas_9,1440,120.39974305555556,0.023740034748603787,120.33,120.48
8,xmeas_10,1440,0.3281300277777778,0.06881260163552251,0.11874,0.50164
8,xmeas_11,1440,80.0893125,1.2997543760513481,76.682,83.697
8,xmeas_12,1440,50.035055555555566,1.0039244209180307,46.489,53.196
8,xmeas_13,1440,2633.882291666667,54.65835298818622,2477.1,2764.2
8,xmeas_14,1440,25.13497986111111,1.08446096377094,21.905,28.508
8,xmeas_15,1440,49.984404861111116,1.0267057973333698,46.847,53.593
8,xmeas_16,1440,3099.9970833333336,52.69787955793584,2939.3,3221.4
8,xmeas_17,1440,22.930895833333338,0.6345904439339709,20.462,25.08
8,xmeas_18,1440,65.85136527777777,2.266472445602199,60.621,72.595
8,xmeas_19,1440,233.7855277777778,55.774687496486365,67.014,372.71
8,xmeas_20,1440,342.4262083333333,10.612240801452142,304.66,378.03
8,xmeas_21,1440,94.59850000000002,0.4430238111995612,93.09,96.071
8,xmeas_22,1440,77.28095069444444,0.7279657566170422,75.374,79.529
8,xmeas_23,1440,32.4372,1.3254649214882686,29.666,36.621
8,xmeas_24,1440,8.863145277777779,0.3050233331257445,7.9875,9.8604
8,xmeas_25,1440,26.150681944444447,1.6992371783879807,20.399,30.272
8,xmeas_26,1440,6.883232638888889,0.12964030241290575,6.4482,7.2782
8,xmeas_27,1440,18.778848611111112,0.9179119796368386,15.718,21.533
8,xmeas_28,1440,1.6675055555555556,0.07251115883334645,1.4692,1.8526
8,xmeas_29,1440,33.34020833333333,2.00730090171029,28.996,40.038
8,xmeas_30,1440,13.7843375,0.4343972315892096,12.658,15.258
8,xmeas_31,1440,23.624152777777777,2.5635793859011153,15.021,29.647
8,xmeas_32,1440,1.2574897222222223,0.13549614927276588,0.77624,1.6426
8,xmeas_33,1440,18.5675125,1.3147634321051727,14.463,22.612
8,xmeas_34,1440,2.2767720833333334,0.10011156965039848,1.9953,2.5577
8,xmeas_35,1440,4.853492083333333,0.26218747941877013,4.1704,5.6489
8,xmeas_36,1440,2.304839305555556,0.1382303260522744,1.9545,2.7332
8,xmeas_37,1440,0.017008809965277778,0.010090744367980766,-0.011084,0.047671
8,xmeas_38,1440,0.8363531597222221,0.0943093524807551,0.57657,1.1287
8,xmeas_39,1440,0.09881481944444445,0.013800685712109767,0.060396,0.13785
8,xmeas_40,1440,53.67204861111111,0.5207723700712414,52.462,55.433
8,xmeas_41,1440,43.827756944444445,0.5548380520692626,42.256,45.406
8,xmv_1,1440,63.055246527777776,0.7086244147229992,60.828,65.378
8,xmv_2,1440,53.956961111111106,1.3161740792785395,50.028,58.344
8,xmv_3,1440,24.227373274305553,15.820279902419013,-0.012678,70.825
8,xmv_4,1440,61.23833819444444,2.659497311033334,52.67,70.376
8,xmv_5,1440,22.628858333333334,3.037081439699797,12.828,35.01
8,xmv_6,1440,38.86144791666667,8.278086713817563,13.977,61.07
8,xmv_7,1440,38.203168749999996,2.95441878218202,27.769,47.505
8,xmv_8,1440,46.49790902777778,2.3760763426329348,39.237,54.85
8,xmv_9,1440,49.282971527777775,14.876057286099524,11.623,93.983
8,xmv_10,1440,41.10156388888888,1.1097240089501794,37.08,44.973
8,xmv_11,1440,18.15200625,1.5614984194894117,12.984,24.475
9,xmeas_1,1440,0.250025375,0.033446948429947096,0.15849,0.33408
9,xmeas_2,1440,3664.9659722222223,33.60402446859121,3516.8,3765.9
9,xmeas_3,1440,4507.439930555555,41.21508402022659,4389.5,4663.5
9,xmeas_4,1440,9.345916041666667,0.08783228988383886,9.0736,9.6945
9,xmeas_5,1440,26.90146180555556,0.21042947562253522,26.305,27.681
9,xmeas_6,1440,42.337697222222225,0.22909658509353878,41.612,43.253
9,xmeas_7,1440,2704.7391666666667,7.780098405690241,2682.4,2725.6
9,xmeas_8,1440,75.00716666666666,0.5650154339340991,72.942,77.03
9,xmeas_9,1440,120.39993055555556,0.019475275313703425,120.34,120.47
9,xmeas_10,1440,0.33675061805555556,0.012620432112491137,0.29857,0.37872
9,xmeas_11,1440,80.11724236111111,0.24312463368077908,79.314,80.802
9,xmeas_12,1440,50.020015972222225,1.0065081239792864,46.814,53.507
9,xmeas_13,1440,2633.468472222222,8.11631258505857,2610.0,2655.3
9,xmeas_14,1440,25.184452083333337,0.986582609714639,21.584,28.505
9,xmeas_15,1440,50.030484027777774,1.031555156761058,46.955,52.873
9,xmeas_16,1440,3101.9606249999997,6.833350208951652,3080.4,3121.5
9,xmeas_17,1440,22.956700694444446,0.6126178835938683,20.713,24.953
9,xmeas_18,1440,65.8611,0.46611964451424376,64.761,66.94
9,xmeas_19,1440,233.56999305555553,10.962753102853066,202.77,259.12
9,xmeas_20,1440,341.3932638888889,1.826670998066907,336.39,346.94
9,xmeas_21,1440,94.59656041666666,0.13616040989545342,94.103,95.043
9,xmeas_22,1440,77.29256736111111,0.26929027440181075,76.375,78.126
9,xmeas_23,1440,32.1926625,0.3087152714317019,31.246,33.196
9,xmeas_24,1440,8.897039305555555,0.1033474549885475,8.5948,9.1897
9,xmeas_25,1440,26.361843055555553,0.3237489896368259,25.381,27.253
9,xmeas_26,1440,6.881811111111111,0.10678294410786503,6.5803,7.3505
9,xmeas_27,1440,18.77324722222222,0.30707437872850984,17.902,19.684
9,xmeas_28,1440,1.6595479166666665,0.026085089739275313,1.5703,1.7386
9,xmeas_29,1440,32.95849027777778,0.372379121022348,31.76,33.951
9,xmeas_30,1440,13.823295833333333,0.11107349073468832,13.48,14.194
9,xmeas_31,1440,23.96209722222222,0.3999237022341627,22.687,25.262
9,xmeas_32,1440,1.2521624444444444,0.09952205617021372,0.94247,1.5237
9,xmeas_33,1440,18.582025,0.3666604042571744,17.598,19.515
9,xmeas_34,1440,2.266751944444444,0.02712323912174879,2.1762,2.3381
9,xmeas_35,1440,4.846739722222223,0.06887568626421191,4.615,5.0566
9,xmeas_36,1440,2.2973034722222225,0.05396451902737637,2.1377,2.4675
9,xmeas_37,1440,0.018217501493055552,0.00937204616941417,-0.0053002,0.042006
9,xmeas_38,1440,0.8354849652777779,0.01951589505587716,0.77241,0.88912
9,xmeas_39,1440,0.09897647916666666,0.009569321488599477,0.075723,0.1293
9,xmeas_40,1440,53.726496527777776,0.4800850775762089,52.169,54.88
9,xmeas_41,1440,43.779298611111116,0.5207002498955543,42.404,45.19
9,xmv_1,1440,63.053968749999996,0.5838973997625294,60.439,64.721
9,xmv_2,1440,53.95594722222223,0.47854515159883837,52.406,55.363
9,xmv_3,1440,24.591951388888887,3.281842637453825,15.773,33.069
9,xmv_4,1440,61.30841805555555,1.2103554099671714,58.076,64.794
9,xmv_5,1440,22.200466666666667,0.565316405405846,20.584,23.925
9,xmv_6,1440,40.04279861111112,1.5580281276976893,34.945,45.64
9,xmv_7,1440,38.158915972222225,2.9620126077645916,28.724,48.422
9,xmv_8,1440,46.60455694444445,2.3873167592042126,39.488,53.183
9,xmv_9,1440,48.3456125,2.9085651597030346,40.742,54.982
9,xmv_10,1440,41.097,0.5489214252178891,39.471,42.864
9,xmv_11,1440,18.097566666666665,1.454337773113378,13.326,23.418
10,xmeas_1,1440,0.2510799166666667,0.04436242999732483,0.11465,0.38168
10,xmeas_2,1440,3663.3902083333337,33.80745599077374,3560.7,3768.0
10,xmeas_3,1440,4508.392291666667,46.729265222557295,4331.0,4652.2
10,xmeas_4,1440,9.342936736111112,0.11241664970901623,8.9168,9.6719
10,xmeas_5,1440,26.886433333333333,0.21608569645869097,26.199,27.597
10,xmeas_6,1440,42.33128819444444,0.2237586083292958,41.559,43.003
10,xmeas_7,1440,2705.3997222222224,11.903376921388915,2669.0,2743.5
10,xmeas_8,1440,74.96812152777778,0.6507971354872962,72.855,77.496
10,xmeas_9,1440,120.40047916666667,0.018913676381756533,120.34,120.46
10,xmeas_10,1440,0.33672879166666664,0.013245030103567375,0.29108,0.37229
10,xmeas_11,1440,80.09455694444445,0.30707351123126797,78.937,81.322
10,xmeas_12,1440,49.969027777777775,1.0002746248649095,46.733,53.09
10,xmeas_13,1440,2634.118888888889,12.515489394729691,2593.9,2673.8
10,xmeas_14,1440,25.134948611111113,1.0003017842745308,20.787,27.802
10,xmeas_15,1440,49.97656805555555,1.040836945175545,46.868,53.149
10,xmeas_16,1440,3102.5768749999993,9.967246566937598,3076.1,3131.3
10,xmeas_17,1440,22.94193263888889,0.6076284196470183,21.049,24.849
10,xmeas_18,1440,65.8272,1.2147011576076072,62.079,69.387
10,xmeas_19,1440,236.61581944444447,27.97470578234549,173.48,312.98
10,xmeas_20,1440,341.39163194444444,3.122463508737705,331.15,350.87
10,xmeas_21,1440,94.60485347222222,0.16201521493303542,94.115,95.075
10,xmeas_22,1440,77.28659999999999,0.2803478946649778,76.301,78.225
10,xmeas_23,1440,32.182518055555555,0.3823458475481156,31.141,33.357
10,xmeas_24,1440,8.891204583333334,0.10947433622404672,8.6023,9.1891
10,xmeas_25,1440,26.39500972222222,0.39462752546242713,25.275,27.468
10,xmeas_26,1440,6.8818608333333335,0.10748357778469315,6.5756,7.2657
10,xmeas_27,1440,18.777568055555555,0.3781049941605403,17.514,20.107
10,xmeas_28,1440,1.6560172222222223,0.026907817992871827,1.5753,1.7437
10,xmeas_29,1440,32.939147222222225,0.5083382982095759,31.142,34.554
10,xmeas_30,1440,13.821736111111113,0.11356312581851628,13.509,14.229
10,xmeas_31,1440,23.98549861111111,0.5368667030493701,22.348,25.456
10,xmeas_32,1440,1.2567929305555556,0.10233560613150411,0.95505,1.5416
10,xmeas_33,1440,18.593430555555553,0.4769502904997042,17.068,20.381
10,xmeas_34,1440,2.26392,0.028260711978940617,2.1808,2.3471
10,xmeas_35,1440,4.841615138888889,0.0776150014961199,4.5726,5.1586
10,xmeas_36,1440,2.2959477777777777,0.055088775614202265,2.1584,2.4857
10,xmeas_37,1440,0.01757712513888889,0.009577487121491871,-0.0048672,0.044481
10,xmeas_38,1440,0.8353055555555556,0.03482323885352804,0.76501,0.94172
10,xmeas_39,1440,0.09860314930555557,0.010352747902866445,0.070406,0.13059
10,xmeas_40,1440,53.70378472222222,0.4923605641511759,52.409,54.852
10,xmeas_41,1440,43.864343749999996,0.4831748395086652,42.313,45.311
10,xmv_1,1440,63.03072361111111,0.5865450555177693,60.807,64.803
10,xmv_2,1440,53.98534374999999,0.5872394144152562,51.958,55.761
10,xmv_3,1440,24.698254166666665,4.368267412955342,11.372,37.698
10,xmv_4,1440,61.27053819444444,1.3137560272613795,57.287,64.873
10,xmv_5,1440,22.216559027777777,0.8978001146430754,18.858,25.357
10,xmv_6,1440,40.00794027777778,1.6362671336418377,34.744,45.063
10,xmv_7,1440,38.00886875,2.9436731093483046,28.485,47.195
10,xmv_8,1440,46.479763194444445,2.408810852309173,39.286,53.821
10,xmv_9,1440,49.07190277777779,6.917774245803796,33.323,66.948
10,xmv_10,1440,41.088815277777776,0.5756790164629536,38.985,43.322
10,xmv_11,1440,18.14014444444445,1.4449908002322263,13.575,22.631
11,xmeas_1,1440,0.25067908333333333,0.031387158358021555,0.16622,0.3565
11,xmeas_2,1440,3661.0674305555553,35.2127756769859,3553.3,3768.1
11,xmeas_3,1440,4512.792361111111,38.24790897073885,4396.4,4624.3
11,xmeas_4,1440,9.3474725,0.08746587004775398,9.0522,9.5932
11,xmeas_5,1440,26.90764652777778,0.21679728137365298,26.129,27.537
11,xmeas_6,1440,42.342429861111114,0.21871157705397581,41.679,43.068
11,xmeas_7,1440,2705.652777777778,7.961165684815053,2678.2,2725.9
11,xmeas_8,1440,74.9918986111111,0.5549421578941502,73.052,76.768
11,xmeas_9,1440,120.39963194444442,0.08287026512113872,120.11,120.74
11,xmeas_10,1440,0.33690670833333336,0.012682705613550522,0.29991,0.37508
11,xmeas_11,1440,80.08076180555555,0.274520742660753,79.242,81.066
11,xmeas_12,1440,50.031886111111106,1.0664691489546947,46.704,53.258
11,xmeas_13,1440,2634.4085416666667,8.246679999842693,2605.8,2654.8
11,xmeas_14,1440,25.148440277777777,1.0070461049253747,21.986,28.657
11,xmeas_15,1440,49.96031875,1.0097423544854391,46.898,53.569
11,xmeas_16,1440,3102.715347222222,7.178598744528562,3078.7,3120.7
11,xmeas_17,1440,22.94699236111111,0.6233133154122712,21.129,25.108
11,xmeas_18,1440,65.79364305555556,0.49517012367098806,64.235,67.12
11,xmeas_19,1440,232.48114583333333,11.247144281496276,197.44,266.81
11,xmeas_20,1440,341.53236805555554,1.3672780325006413,337.82,345.28
11,xmeas_21,1440,94.60836527777778,0.15117208935626902,94.04,95.143
11,xmeas_22,1440,77.28443402777778,0.27959294562199394,76.327,78.176
11,xmeas_23,1440,32.18457083333334,0.29126289533827304,31.301,33.002
11,xmeas_24,1440,8.89467125,0.10288673380410626,8.5537,9.2085
11,xmeas_25,1440,26.376824999999997,0.3205777314972099,25.189,27.179
11,xmeas_26,1440,6.882693333333334,0.11542065909022858,6.452,7.2098
11,xmeas_27,1440,18.77480277777778,0.2884363056630065,17.894,19.596
11,xmeas_28,1440,1.6576305555555557,0.024375070934920123,1.585,1.7323
11,xmeas_29,1440,32.972813888888886,0.30490817278418814,32.067,33.944
11,xmeas_30,1440,13.822008333333333,0.11046814243662373,13.499,14.166
11,xmeas_31,1440,23.98348888888889,0.40226570952273955,22.59,24.966
11,xmeas_32,1440,1.2500041805555555,0.11060631775129162,0.91479,1.6182
11,xmeas_33,1440,18.575133333333333,0.3108534133869461,17.648,19.508
11,xmeas_34,1440,2.2642933333333337,0.02682749587818095,2.1781,2.352
11,xmeas_35,1440,4.831308888888889,0.06994003093002002,4.6242,5.0917
11,xmeas_36,1440,2.298401527777778,0.05664258850870582,2.1417,2.4599
11,xmeas_37,1440,0.017785295201388888,0.010247854699966849,-0.0097379,0.045479
11,xmeas_38,1440,0.8359622569444445,0.01955380494467527,0.78853,0.89129
11,xmeas_39,1440,0.09944728819444444,0.010149977558809467,0.071376,0.13073
11,xmeas_40,1440,53.64415972222222,0.5004736833821426,52.331,55.194
11,xmeas_41,1440,43.81959722222222,0.49119308196744876,42.59,45.04
11,xmv_1,1440,62.99070347222222,0.6175956047861535,61.234,65.005
11,xmv_2,1440,54.01418819444445,0.46003776320150364,52.488,55.401
11,xmv_3,1440,24.659727777777775,3.090761873696353,16.204,35.016
11,xmv_4,1440,61.27132291666667,1.2187374517359748,57.644,65.273
11,xmv_5,1440,22.254128472222224,0.480030291516278,20.866,23.667
11,xmv_6,1440,40.018042361111114,1.5567902494432646,35.095,44.972
11,xmv_7,1440,38.19385486111111,3.138443228577423,28.402,47.689
11,xmv_8,1440,46.44214652777778,2.3368074025793337,39.356,54.794
11,xmv_9,1440,48.02010833333334,2.9779360859905326,38.932,56.688
11,xmv_10,1440,41.39861041666666,3.5293345872164696,33.663,50.072
11,xmv_11,1440,18.131294444444443,1.4798247894042547,12.951,22.432
12,xmeas_1,1440,0.252054043125,0.11849514635384141,0.0008694,0.65658
12,xmeas_2,1440,3660.4040972222224,48.777860739079344,3487.6,3799.6
12,xmeas_3,1440,4503.553333333334,140.84370093025245,4015.0,4984.6
12,xmeas_4,1440,9.346253125,0.4338769720439255,7.7662,10.819
12,xmeas_5,1440,26.90032152777778,0.20952354058722786,26.194,27.599
12,xmeas_6,1440,42.33371805555556,0.3839403361782308,40.95,43.566
12,xmeas_7,1440,2708.9323611111113,57.27955896210994,2559.5,2943.7
12,xmeas_8,1440,74.96966597222223,2.0436807727714177,68.86,82.775
12,xmeas_9,1440,120.40059722222223,0.04334747679951612,120.26,120.55
12,xmeas_10,1440,0.3369284236111111,0.03235523442020006,0.22162,0.41948
12,xmeas_11,1440,79.99043958333334,1.8145016860913035,72.736,84.736
12,xmeas_12,1440,50.01305902777777,1.0809064363310559,46.425,53.202
12,xmeas_13,1440,2637.806111111111,60.361030821632404,2475.7,2884.2
12,xmeas_14,1440,25.137181944444446,1.3013196045648612,21.013,29.931
12,xmeas_15,1440,49.964704861111116,1.1681860095294332,44.862,53.835
12,xmeas_16,1440,3105.3425694444445,47.50272411261136,2993.6,3303.7
12,xmeas_17,1440,22.94850902777778,0.8268505523464706,20.263,25.388
12,xmeas_18,1440,66.29730833333335,2.3587590851738556,59.533,72.352
12,xmeas_19,1440,248.0216465277778,54.18305076071363,92.926,414.06
12,xmeas_20,1440,341.20453472222226,12.084723374854033,291.48,372.18
12,xmeas_21,1440,94.61431805555554,0.6888899311713902,92.65,97.157
12,xmeas_22,1440,77.25226597222223,1.536969097846919,70.223,81.715
12,xmeas_23,1440,32.26014166666667,0.9811152038139928,28.806,35.362
12,xmeas_24,1440,8.893663333333333,0.2305154805158875,8.1594,9.5753
12,xmeas_25,1440,26.330030555555556,1.2462091874500947,22.397,29.877
12,xmeas_26,1440,6.882187083333333,0.15075861929717504,6.4278,7.4351
12,xmeas_27,1440,18.786513888888887,1.2118422228663945,15.21,23.407
12,xmeas_28,1440,1.6602240277777778,0.04618397560784171,1.4909,1.7851
12,xmeas_29,1440,33.09673055555556,1.5016929791579325,28.589,38.004
12,xmeas_30,1440,13.822330555555554,0.2873191689282209,12.772,14.831
12,xmeas_31,1440,23.8717125,1.8446993994146679,18.471,29.283
12,xmeas_32,1440,1.2597980555555555,0.16862805243226608,0.82918,1.8671
12,xmeas_33,1440,18.556663888888888,1.7414778762343321,12.826,24.571
12,xmeas_34,1440,2.2646095833333333,0.06597065159042138,2.0185,2.468
12,xmeas_35,1440,4.8280658333333335,0.3067698608377553,3.7065,5.5959
12,xmeas_36,1440,2.2898965277777776,0.15342967677126235,1.7948,2.7591
12,xmeas_37,1440,0.017542231388888888,0.01033774940644941,-0.010165,0.045992
12,xmeas_38,1440,0.8363282291666667,0.1154277803628258,0.52919,1.3118
12,xmeas_39,1440,0.09866143055555555,0.013244388150178492,0.057381,0.13748
12,xmeas_40,1440,53.63573611111111,0.6032361648231451,51.853,55.172
12,xmeas_41,1440,43.85311458333333,0.5905368966740273,42.146,45.528
12,xmv_1,1440,62.982175,0.8229933035528556,60.236,65.495
12,xmv_2,1440,53.94671041666667,1.686160638836321,48.075,59.575
12,xmv_3,1440,24.803100288888892,11.656173593339211,0.04676,64.695
12,xmv_4,1440,61.29662013888889,3.064229946357298,51.016,71.37
12,xmv_5,1440,22.44427638888889,3.7260736811199773,10.253,35.169
12,xmv_6,1440,40.00584513888889,4.642137188759887,23.224,53.824
12,xmv_7,1440,38.138425,3.1809272136873776,27.579,47.524
12,xmv_8,1440,46.452320138888886,2.7035006004192006,34.644,55.41
12,xmv_9,1440,52.90802361111111,14.768328836704795,15.932,100.2
12,xmv_10,1440,41.101695138888886,1.654071093869932,34.723,46.244
12,xmv_11,1440,18.0667,2.111406732684862,12.187,25.365
13,xmeas_1,1440,0.25079381572916665,0.11421982495462464,-0.00031995,0.59127
13,xmeas_2,1440,3643.531875,55.76079549969235,3474.6,3807.6
13,xmeas_3,1440,4516.520625,153.02034406124213,4053.1,4959.3
13,xmeas_4,1440,9.334101874999998,0.38087040644810943,8.1713,10.446
13,xmeas_5,1440,26.90679097222222,0.21442689601258516,26.288,27.545
13,xmeas_6,1440,42.32427708333333,0.3294915644835906,41.132,43.342
13,xmeas_7,1440,2715.760347222222,80.11279993156208,2500.4,2918.0
13,xmeas_8,1440,74.96277291666667,1.7526862632591946,69.407,80.688
13,xmeas_9,1440,120.39981944444446,0.023786066657385634,120.31,120.48
13,xmeas_10,1440,0.3349682222222222,0.05190789269875932,0.18141,0.50112
13,xmeas_11,1440,79.74190416666667,1.87458673115711,74.869,84.303
13,xmeas_12,1440,50.01282291666667,1.0500333274580305,46.59,53.605
13,xmeas_13,1440,2644.6766666666667,82.04061425763021,2421.9,2849.6
13,xmeas_14,1440,25.183697222222225,1.1295743151374629,21.999,28.56
13,xmeas_15,1440,49.95502916666666,1.0322263129114237,47.017,53.067
13,xmeas_16,1440,3111.836180555555,72.25306755677701,2923.4,3302.6
13,xmeas_17,1440,22.954027777777778,0.657384745703663,20.715,24.858
13,xmeas_18,1440,66.73906180555556,3.888847789283293,56.365,73.981
13,xmeas_19,1440,265.5531722222222,108.7055755131945,26.107,439.8
13,xmeas_20,1440,341.23090972222224,11.90793229905265,302.1,368.83
13,xmeas_21,1440,94.66846527777777,0.5234847117231268,93.343,96.458
13,xmeas_22,1440,77.10046805555555,1.0960821246586483,73.909,80.075
13,xmeas_23,1440,32.25327361111111,0.9729379556781519,29.634,35.103
13,xmeas_24,1440,8.897116805555555,0.2735252604643594,8.2245,9.9911
13,xmeas_25,1440,26.38318472222222,1.1423740787037115,22.572,29.595
13,xmeas_26,1440,6.8870604166666665,0.1521167577693755,6.4603,7.3209
13,xmeas_27,1440,18.74739305555556,1.2377444704943916,15.268,22.805
13,xmeas_28,1440,1.6638815277777776,0.07705962407583782,1.4593,1.8772
13,xmeas_29,1440,33.05670972222222,1.4637512093805736,29.284,37.323
13,xmeas_30,1440,13.826084722222221,0.41380131369540774,12.703,15.268
13,xmeas_31,1440,24.03004027777778,1.7521531786366327,18.644,29.008
13,xmeas_32,1440,1.311113375,0.20997981532598464,0.79452,2.0221
13,xmeas_33,1440,18.480377777777775,1.7376670049853193,13.769,24.025
13,xmeas_34,1440,2.2683941666666665,0.1100645186712167,1.9528,2.5828
13,xmeas_35,1440,4.7766972222222215,0.4032829138057774,3.6816,5.8337
13,xmeas_36,1440,2.279916527777778,0.22970311483219544,1.6408,2.9669
13,xmeas_37,1440,0.018649848472222223,0.009803523271658881,-0.0092787,0.04541
13,xmeas_38,1440,0.8382163194444445,0.15463529525824962,0.49788,1.3073
13,xmeas_39,1440,0.09952344444444444,0.01593570485630424,0.055428,0.14724
13,xmeas_40,1440,53.56053125,0.7206787967882803,51.833,55.211
13,xmeas_41,1440,44.02376041666666,0.7957323724582318,41.447,45.928
13,xmv_1,1440,62.70921944444445,0.9489072515075192,59.764,65.169
13,xmv_2,1440,54.06573958333334,1.8393942270611905,48.937,59.475
13,xmv_3,1440,24.680293370833333,11.226203184671355,0.034826,57.986
13,xmv_4,1440,61.12958055555555,2.7677397773437313,53.26,70.611
13,xmv_5,1440,22.622386805555557,3.8558401648709677,11.558,33.336
13,xmv_6,1440,39.696561111111116,6.6903284633060425,20.456,61.017
13,xmv_7,1440,38.1377375,3.0901007066419397,28.065,48.709
13,xmv_8,1440,46.429941666666664,2.388872837491348,39.631,53.631
13,xmv_9,1440,59.56580736111112,29.035095433452405,4.3328,100.35
13,xmv_10,1440,40.95632083333333,1.2754753610505287,36.629,44.773
13,xmv_11,1440,18.31715416666667,1.7579325543725286,12.736,24.456
14,xmeas_1,1440,0.2508177013888889,0.029365396297618553,0.15991,0.3399
14,xmeas_2,1440,3663.0865972222223,33.97663927186058,3553.0,3797.6
14,xmeas_3,1440,4509.517569444444,38.2359492467118,4382.7,4636.1
14,xmeas_4,1440,9.346028819444445,0.08257323935053182,9.1163,9.6668
14,xmeas_5,1440,26.90453958333333,0.21993014517952447,26.191,27.588
14,xmeas_6,1440,42.3326875,0.21926524497653807,41.688,43.02
14,xmeas_7,1440,2704.543819444444,6.4058176408410565,2684.2,2723.3
14,xmeas_8,1440,74.99977083333333,0.5395013052407727,73.336,76.697
14,xmeas_9,1440,120.39995833333333,0.241935957014938,119.97,120.84
14,xmeas_10,1440,0.3374532986111111,0.011821654963740127,0.29977,0.37255
14,xmeas_11,1440,80.1168888888889,0.21543319679405226,79.437,80.929
14,xmeas_12,1440,50.01646736111111,1.023590640922841,47.067,53.202
14,xmeas_13,1440,2633.2383333333337,6.687023102308917,2612.1,2652.6
14,xmeas_14,1440,25.1762875,1.0623063535180466,21.428,28.794
14,xmeas_15,1440,50.007777777777775,1.0311947458236859,46.961,53.528
14,xmeas_16,1440,3101.934236111111,5.341511562067548,3084.4,3118.0
14,xmeas_17,1440,22.956509027777773,0.6023314881360313,21.157,24.722
14,xmeas_18,1440,65.85062916666666,0.35158102155133447,64.966,66.709
14,xmeas_19,1440,233.43622916666666,8.77496938551528,210.88,254.51
14,xmeas_20,1440,341.2864236111111,1.502958555930895,336.97,345.86
14,xmeas_21,1440,94.6019236111111,1.3023258323974944,92.336,97.043
14,xmeas_22,1440,77.29258333333334,0.2526738841478645,76.5,78.296
14,xmeas_23,1440,32.18490416666667,0.28319409283163494,31.322,33.059
14,xmeas_24,1440,8.889901527777779,0.10537048789719762,8.5475,9.2779
14,xmeas_25,1440,26.374079166666665,0.2872075918504582,25.541,27.148
14,xmeas_26,1440,6.881860972222222,0.10733041185189153,6.508,7.183
14,xmeas_27,1440,18.77645833333333,0.27893823993067374,17.858,19.513
14,xmeas_28,1440,1.6592461111111112,0.024289727038941444,1.5819,1.7446
14,xmeas_29,1440,32.943304166666664,0.3267520463197576,31.886,33.921
14,xmeas_30,1440,13.823148611111113,0.10429361382889864,13.483,14.131
14,xmeas_31,1440,23.975883333333336,0.32726432395624444,22.978,25.011
14,xmeas_32,1440,1.2565682361111112,0.10089760180833782,0.93927,1.5758
14,xmeas_33,1440,18.609926388888887,0.3140681155976196,17.683,19.597
14,xmeas_34,1440,2.265566666666667,0.026177284074724774,2.1861,2.3486
14,xmeas_35,1440,4.843572083333333,0.06156471974264933,4.6588,5.0295
14,xmeas_36,1440,2.2993045833333334,0.053088666897824724,2.1435,2.4809
14,xmeas_37,1440,0.018488607152777777,0.00955826181746897,-0.0030575,0.044626
14,xmeas_38,1440,0.8360065972222223,0.016882542400120364,0.78877,0.87882
14,xmeas_39,1440,0.09842478819444445,0.010208661753397165,0.068979,0.12383
14,xmeas_40,1440,53.699861111111105,0.5436511716181813,51.639,55.195
14,xmeas_41,1440,43.85375694444444,0.5171753848424853,42.481,45.159
14,xmv_1,1440,63.03295972222222,0.5872043586058708,61.108,64.909
14,xmv_2,1440,53.99361666666667,0.44749973029834955,52.575,55.744
14,xmv_3,1440,24.669350694444443,2.894565626843233,15.777,33.264
14,xmv_4,1440,61.314927777777775,1.2366794744989096,57.133,65.189
14,xmv_5,1440,22.169608333333333,0.49169980523807405,20.702,23.737
14,xmv_6,1440,40.09252430555556,1.4355034379360199,35.229,44.205
14,xmv_7,1440,38.14844791666667,3.0122819414611905,29.468,47.522
14,xmv_8,1440,46.55200208333333,2.386491101371233,39.501,54.698
14,xmv_9,1440,48.26992430555555,2.280486707672345,42.539,53.365
14,xmv_10,1440,41.16300277777778,7.0121169326876736,29.191,53.716
14,xmv_11,1440,18.101643749999997,1.4275032783221175,13.953,22.426
15,xmeas_1,1440,0.2504707986111111,0.029330294486961242,0.14648,0.35152
15,xmeas_2,1440,3662.2931250000006,35.03302087643358,3518.5,3764.4
15,xmeas_3,1440,4509.274930555556,39.364451011919506,4396.0,4643.7
15,xmeas_4,1440,9.341978958333332,0.08491967488791885,9.0642,9.6244
15,xmeas_5,1440,26.901564583333332,0.2076684192109161,26.313,27.53
15,xmeas_6,1440,42.33555486111111,0.21666677589379993,41.713,43.035
15,xmeas_7,1440,2705.1329166666665,7.753914017583494,2683.5,2729.9
15,xmeas_8,1440,75.01927986111112,0.5485798623119891,72.971,76.881
15,xmeas_9,1440,120.40010416666668,0.02007429520570002,120.33,120.47
15,xmeas_10,1440,0.33741144444444443,0.012440873923715819,0.29729,0.37701
15,xmeas_11,1440,80.1014888888889,0.2520815908351075,79.156,80.853
15,xmeas_12,1440,49.969894444444456,1.0156991265842263,47.023,53.08
15,xmeas_13,1440,2633.8279166666666,8.055317683445951,2611.0,2659.8
15,xmeas_14,1440,25.13495347222222,1.0093731876883159,22.026,28.487
15,xmeas_15,1440,49.95525138888889,0.9995025284490825,46.619,53.182
15,xmeas_16,1440,3102.5629861111106,6.8535589107181245,3084.0,3124.9
15,xmeas_17,1440,22.95079791666667,0.5924582046428339,21.108,24.748
15,xmeas_18,1440,65.87332916666668,0.4380066366417092,64.517,67.371
15,xmeas_19,1440,234.34125,10.372646243716684,207.63,270.25
15,xmeas_20,1440,341.23263194444445,1.4667041534044978,337.16,346.03
15,xmeas_21,1440,94.60520625000001,0.13474374243323162,94.19,95.045
15,xmeas_22,1440,77.29065,0.2825004475203552,76.158,78.158
15,xmeas_23,1440,32.18765555555556,0.2764347035881162,31.092,33.076
15,xmeas_24,1440,8.887462083333334,0.1055428094897495,8.59,9.2156
15,xmeas_25,1440,26.395147222222224,0.33110278053482634,25.139,27.647
15,xmeas_26,1440,6.8813570833333335,0.11191843639751076,6.5949,7.3081
15,xmeas_27,1440,18.77812777777778,0.29846455864145316,17.879,19.615
15,xmeas_28,1440,1.6577444444444445,0.02527557794696007,1.5831,1.7195
15,xmeas_29,1440,32.91907222222222,0.30962349806687706,32.038,33.765
15,xmeas_30,1440,13.824608333333334,0.10790378406573765,13.507,14.18
15,xmeas_31,1440,23.98941111111111,0.3990360419402662,22.694,25.294
15,xmeas_32,1440,1.2589679305555554,0.10075521505041904,0.95006,1.5907
15,xmeas_33,1440,18.60057777777778,0.33726421644587484,17.403,19.648
15,xmeas_34,1440,2.264180138888889,0.028288367305123727,2.1913,2.3678
15,xmeas_35,1440,4.83947375,0.06715694679077147,4.6424,5.0447
15,xmeas_36,1440,2.2961334722222224,0.05440897637944874,2.1321,2.5104
15,xmeas_37,1440,0.017665552465277776,0.009647844793155306,-0.012513,0.046725
15,xmeas_38,1440,0.8358546180555556,0.017544935751609224,0.78327,0.88643
15,xmeas_39,1440,0.09796629513888888,0.010242623617420898,0.066115,0.1257
15,xmeas_40,1440,53.66518055555556,0.47922838943393276,52.331,54.895
15,xmeas_41,1440,43.85017361111111,0.48052262389600486,42.414,45.201
15,xmv_1,1440,63.02733402777778,0.5987350357534337,61.092,64.657
15,xmv_2,1440,53.98400208333334,0.47204664393159407,52.506,55.52
15,xmv_3,1440,24.635613194444442,2.8840224098096816,14.534,34.163
15,xmv_4,1440,61.306623611111114,1.2173079236401396,57.329,65.236
15,xmv_5,1440,22.169523611111114,0.4920374873408833,20.567,23.834
15,xmv_6,1440,40.09763263888889,1.4991541049354011,35.231,44.811
15,xmv_7,1440,38.01142361111111,2.989047133373721,29.34,47.163
15,xmv_8,1440,46.43044444444444,2.313134239986912,38.709,53.898
15,xmv_9,1440,48.50664097222222,2.7582535751519517,41.562,57.869
15,xmv_10,1440,41.09124027777778,0.5712515190606579,39.06,43.613
15,xmv_11,1440,18.120561805555557,1.4075544088341891,13.832,22.514
16,xmeas_1,1440,0.25034053472222223,0.03582987678443722,0.14164,0.35041
16,xmeas_2,1440,3664.529027777778,34.02554089773624,3534.3,3773.2
16,xmeas_3,1440,4508.491319444444,44.025231421680125,4357.6,4653.6
16,xmeas_4,1440,9.347657916666668,0.10498191316391897,9.0269,9.7183
16,xmeas_5,1440,26.903911805555556,0.21377125942143183,26.243,27.551
16,xmeas_6,1440,42.33505,0.222472124105852,41.547,43.038
16,xmeas_7,1440,2704.787638888889,10.439653514955145,2671.1,2736.9
16,xmeas_8,1440,74.98590138888889,0.6162165862467082,73.081,76.73
16,xmeas_9,1440,120.39972222222222,0.01911686179960698,120.34,120.46
16,xmeas_10,1440,0.3368974166666666,0.013179695720471896,0.29388,0.38293
16,xmeas_11,1440,80.11388611111111,0.2870350521124986,79.192,81.204
16,xmeas_12,1440,49.988666666666674,1.0257938711154742,46.976,53.853
16,xmeas_13,1440,2633.53,10.988550614813388,2597.0,2668.4
16,xmeas_14,1440,25.155649305555556,1.0379118891195003,21.395,28.69
16,xmeas_15,1440,49.97074027777777,1.0225824694298211,46.974,53.411
16,xmeas_16,1440,3101.9429166666673,8.5410136605817,3073.6,3125.9
16,xmeas_17,1440,22.95504097222222,0.6177082836460481,20.856,24.788
16,xmeas_18,1440,65.77409652777777,0.8244773734016669,63.95,68.713
16,xmeas_19,1440,231.205375,21.827925499631032,178.19,310.92
16,xmeas_20,1440,341.44328472222224,2.544130522095219,333.79,350.02
16,xmeas_21,1440,94.59869375000001,0.1535311128131137,94.057,95.097
16,xmeas_22,1440,77.29837708333334,0.2728495886291837,76.374,78.2
16,xmeas_23,1440,32.18873888888889,0.3256587591261255,31.215,33.077
16,xmeas_24,1440,8.886582500000001,0.10608403043929845,8.5253,9.2035
16,xmeas_25,1440,26.377959722222222,0.36476822885363885,25.148,27.621
16,xmeas_26,1440,6.882207916666665,0.10843013298218218,6.5466,7.2601
16,xmeas_27,1440,18.7729,0.3432574706753327,17.432,19.778
16,xmeas_28,1440,1.6556104166666665,0.026120947421511345,1.5698,1.7364
16,xmeas_29,1440,32.97437083333333,0.4205623819926419,31.791,34.326
16,xmeas_30,1440,13.821497222222224,0.11557560569433074,13.418,14.22
16,xmeas_31,1440,23.982558333333333,0.47497544730077224,22.48,25.523
16,xmeas_32,1440,1.262470388888889,0.1051537593548156,0.94716,1.6061
16,xmeas_33,1440,18.57034722222222,0.4226551751411368,17.295,20.079
16,xmeas_34,1440,2.2639145833333334,0.028147293928367675,2.1584,2.3467
16,xmeas_35,1440,4.8467925,0.07304782158531471,4.6497,5.1
16,xmeas_36,1440,2.3009743055555556,0.055841736985076516,2.1218,2.4578
16,xmeas_37,1440,0.0185370603125,0.009435756863459812,-0.0090669,0.047306
16,xmeas_38,1440,0.8358014930555555,0.025957847723499076,0.76373,0.90345
16,xmeas_39,1440,0.09862514583333333,0.0099918653358851,0.07044,0.12218
16,xmeas_40,1440,53.744062500000005,0.5251875699046474,52.519,55.062
16,xmeas_41,1440,43.81144444444444,0.5196455569935109,41.952,45.077
16,xmv_1,1440,63.061465277777785,0.5912530105551613,61.064,64.818
16,xmv_2,1440,53.96568888888889,0.5318562734775276,52.059,55.842
16,xmv_3,1440,24.62448125,3.5249842368997544,14.107,34.096
16,xmv_4,1440,61.25752847222222,1.2773530110989733,57.424,65.322
16,xmv_5,1440,22.224424305555555,0.7613160927075564,19.918,24.794
16,xmv_6,1440,40.06667777777778,1.65466014021941,34.789,46.438
16,xmv_7,1440,38.06665069444444,3.018770995512755,29.2,49.439
16,xmv_8,1440,46.46627499999999,2.3665671941220374,39.532,54.427
16,xmv_9,1440,49.71384513888889,4.7023863485170905,39.681,65.024
16,xmv_10,1440,41.105657638888886,0.5611164898931433,39.236,42.948
16,xmv_11,1440,18.097563194444444,1.4666626793658741,13.641,23.044
17,xmeas_1,1440,0.2505861388888889,0.0328544143139275,0.14125,0.35229
17,xmeas_2,1440,3666.0268055555553,34.421758933138726,3556.9,3770.9
17,xmeas_3,1440,4506.4319444444445,40.83084744693977,4374.3,4632.0
17,xmeas_4,1440,9.346765,0.09093816361193947,9.0752,9.6755
17,xmeas_5,1440,26.90690277777778,0.21076180428097666,26.29,27.548
17,xmeas_6,1440,42.34015625,0.2184367605886809,41.539,43.017
17,xmeas_7,1440,2704.735416666667,9.22342523908935,2678.3,2730.0
17,xmeas_8,1440,75.00307777777778,0.5707770530243228,73.009,76.974
17,xmeas_9,1440,120.40154166666669,0.16309927718480854,119.69,120.83
17,xmeas_10,1440,0.3369808611111111,0.013331287336622038,0.29083,0.37888
17,xmeas_11,1440,80.12186527777779,0.38200304153423925,78.768,81.233
17,xmeas_12,1440,50.01652569444444,1.0133877575147752,47.088,53.137
17,xmeas_13,1440,2633.4350694444443,9.696978710071653,2606.3,2661.0
17,xmeas_14,1440,25.197275694444443,1.026368815863682,21.249,28.518
17,xmeas_15,1440,49.97763541666667,1.0000807853378881,46.457,52.846
17,xmeas_16,1440,3102.164027777778,7.562568139075364,3078.6,3123.5
17,xmeas_17,1440,22.931713888888886,0.6307518816076949,20.705,25.059
17,xmeas_18,1440,65.83053402777777,0.5176920036615063,64.293,67.127
17,xmeas_19,1440,232.75343750000005,11.878020500516259,202.23,264.97
17,xmeas_20,1440,341.25724305555553,2.0722737568264966,335.66,346.86
17,xmeas_21,1440,91.18307083333333,3.8849162574184657,80.46,94.974
17,xmeas_22,1440,77.29753541666666,0.3239647050004013,76.188,78.245
17,xmeas_23,1440,32.18800694444444,0.3059725808689569,31.276,33.335
17,xmeas_24,1440,8.889326944444443,0.10175858755972969,8.5734,9.2179
17,xmeas_25,1440,26.3935,0.33670584634539485,25.421,27.236
17,xmeas_26,1440,6.881465277777779,0.10980431398141444,6.5822,7.1841
17,xmeas_27,1440,18.773611111111112,0.2961516456745338,17.729,19.708
17,xmeas_28,1440,1.6572731944444443,0.02522967611462523,1.5783,1.7252
17,xmeas_29,1440,32.939058333333335,0.3588984450852944,32.045,34.164
17,xmeas_30,1440,13.8232,0.11457494459574244,13.424,14.166
17,xmeas_31,1440,23.991445833333334,0.3966317601309111,22.794,25.184
17,xmeas_32,1440,1.2611326527777778,0.10562936388678124,0.88762,1.5557
17,xmeas_33,1440,18.583008333333336,0.3634682557904314,17.601,19.726
17,xmeas_34,1440,2.262975,0.028359343359863655,2.1729,2.3502
17,xmeas_35,1440,4.849908333333333,0.08127127943935375,4.6051,5.1208
17,xmeas_36,1440,2.299763194444444,0.06088339958963423,2.091,2.4575
17,xmeas_37,1440,0.01671038836111111,0.00989296954925145,-0.012818,0.044098
17,xmeas_38,1440,0.8358494791666667,0.021308236328889205,0.76036,0.89279
17,xmeas_39,1440,0.09852503819444446,0.009663327302784276,0.071854,0.12284
17,xmeas_40,1440,53.77607986111111,0.5349886412749713,52.202,55.468
17,xmeas_41,1440,43.77331597222222,0.4952155182076693,42.208,45.003
17,xmv_1,1440,63.07346944444445,0.5921620734510789,61.245,64.916
17,xmv_2,1440,53.95001805555557,0.46374017096256476,52.401,55.514
17,xmv_3,1440,24.643404166666663,3.229925775214459,13.791,34.553
17,xmv_4,1440,61.30199027777778,1.2524280800929617,56.953,66.064
17,xmv_5,1440,22.173770138888887,0.6734261351453878,20.196,24.145
17,xmv_6,1440,40.072498611111115,1.625103895539476,35.019,44.987
17,xmv_7,1440,38.148669444444444,2.982238039671628,29.531,47.332
17,xmv_8,1440,46.482227083333335,2.31446018975053,38.335,53.12
17,xmv_9,1440,48.11874305555556,3.125887404779586,40.565,55.431
17,xmv_10,1440,43.86267361111111,3.596802268369294,36.818,55.577
17,xmv_11,1440,18.156031944444447,1.4949059781875766,13.117,23.475
18,xmeas_1,1440,0.12348789340277777,0.16438492533835317,0.0022915,0.76891
18,xmeas_2,1440,3716.0733333333333,68.54975344745289,3430.9,3818.5
18,xmeas_3,1440,4624.440833333334,196.87229295975555,3851.9,5003.7
18,xmeas_4,1440,10.315842152777776,0.9878171003583802,7.5602,11.521
18,xmeas_5,1440,26.886109722222223,0.14264333382156616,26.307,27.407
18,xmeas_6,1440,43.00615208333333,0.7089340125262553,40.723,44.179
18,xmeas_7,1440,2865.7945138888886,157.28474704053508,2488.3,3000.1
18,xmeas_8,1440,72.58447569444444,2.8567867333759005,65.443,82.49
18,xmeas_9,1440,120.39139583333336,0.025428835894061214,120.25,120.53
18,xmeas_10,1440,0.31615743055555556,0.036298760576411467,0.19683,0.51252
18,xmeas_11,1440,76.97719791666667,3.300718524824709,74.165,85.442
18,xmeas_12,1440,49.51383194444445,0.8351738968824021,46.845,53.486
18,xmeas_13,1440,2802.157708333333,164.76091274937136,2399.5,2943.3
18,xmeas_14,1440,24.375577777777774,1.102610097903098,21.712,30.804
18,xmeas_15,1440,49.57297430555556,0.7890496064758592,46.978,53.278
18,xmeas_16,1440,3233.0989583333335,128.74004618461925,2924.2,3344.0
18,xmeas_17,1440,22.60163611111111,0.710391335409411,20.588,26.307
18,xmeas_18,1440,67.58764583333334,2.180353902930855,59.577,74.248
18,xmeas_19,1440,338.13950416666677,105.16866149007367,81.02,430.4
18,xmeas_20,1440,364.1418819444445,25.127123792909515,273.42,387.84
18,xmeas_21,1440,93.4206888888889,1.2791723138938524,92.116,98.658
18,xmeas_22,1440,75.56991319444445,2.2122610550703845,64.843,78.596
18,xmeas_23,1440,34.78033611111111,2.434487428135536,28.427,37.914
18,xmeas_24,1440,8.369357083333332,0.532962321424508,7.5477,9.803
18,xmeas_25,1440,27.811530555555557,2.0237964603768224,20.553,30.48
18,xmeas_26,1440,6.6262984722222225,0.2787355383355867,6.1442,7.4645
18,xmeas_27,1440,16.00788888888889,2.8795641563477514,12.823,23.974
18,xmeas_28,1440,1.5737356944444445,0.08922494231044742,1.4476,1.8183
18,xmeas_29,1440,36.987122222222226,3.7600243880236914,27.633,41.372
18,xmeas_30,1440,13.173391666666667,0.6593680757189244,12.259,14.99
18,xmeas_31,1440,25.75437083333333,2.7152389948490203,15.56,29.991
18,xmeas_32,1440,0.95420575,0.33070007973565985,0.39587,2.0667
18,xmeas_33,1440,14.663918055555557,4.1142167456746215,10.489,26.049
18,xmeas_34,1440,2.1494133333333334,0.12688687619115022,1.954,2.5178
18,xmeas_35,1440,4.27956625,0.6286328927685613,3.5974,5.9468
18,xmeas_36,1440,2.0538663888888893,0.2721272530339359,1.6836,2.806
18,xmeas_37,1440,0.012417883638888889,0.011195356067233668,-0.016855,0.042839
18,xmeas_38,1440,0.6458797916666666,0.20971711741367513,0.44414,1.3252
18,xmeas_39,1440,0.08814451041666668,0.015577282816247132,0.04357,0.13571
18,xmeas_40,1440,53.11173263888889,0.8778078870879169,51.162,55.721
18,xmeas_41,1440,44.397253472222225,0.8886378502890785,41.834,46.148
18,xmv_1,1440,79.07335694444444,16.718495844669146,59.759,100.0
18,xmv_2,1440,76.28479374999999,22.185896520182865,46.399,100.0
18,xmv_3,1440,12.07035220763889,16.231904950985875,0.0,75.315
18,xmv_4,1440,81.6618027777778,19.025604824502878,47.789,100.01
18,xmv_5,1440,11.554439641666667,11.952570878488782,-0.012987,40.866
18,xmv_6,1440,19.173146145833332,19.82684340331005,0.0,58.56
18,xmv_7,1440,36.66882569444444,2.458041755380661,28.815,48.36
18,xmv_8,1440,45.54574930555555,1.82608560959735,39.54,54.119
18,xmv_9,1440,24.22059537222222,28.076255506175073,-0.58124,100.21
18,xmv_10,1440,23.99281625791667,20.07446525986444,-0.13815,48.424
18,xmv_11,1440,36.63521597222222,26.20521776693586,13.187,100.0
19,xmeas_1,1440,0.2502997708333333,0.028193584150126818,0.16325,0.34277
19,xmeas_2,1440,3664.789444444444,33.71167800453656,3548.6,3788.3
19,xmeas_3,1440,4509.034652777778,38.511816195496905,4395.8,4623.4
19,xmeas_4,1440,9.345520833333333,0.08092137002777236,9.0943,9.5954
19,xmeas_5,1440,26.924019444444447,0.49822108944217175,25.585,28.09
19,xmeas_6,1440,42.337168750000004,0.24495768946359975,41.57,43.051
19,xmeas_7,1440,2705.531111111111,6.3361250811466,2688.8,2724.1
19,xmeas_8,1440,74.98251527777776,0.5188902680334492,73.4,76.537
19,xmeas_9,1440,120.40072222222223,0.025616090225668426,120.31,120.49
19,xmeas_10,1440,0.3368455416666667,0.011761218782647529,0.30411,0.36886
19,xmeas_11,1440,80.09306736111111,0.21344322442465877,79.429,80.742
19,xmeas_12,1440,50.03832916666667,0.996072052108512,47.457,53.104
19,xmeas_13,1440,2634.268680555556,6.825484554047178,2617.0,2654.5
19,xmeas_14,1440,25.173076388888887,1.0636213069698186,21.693,28.398
19,xmeas_15,1440,50.01576875,1.0660142250463716,46.663,53.745
19,xmeas_16,1440,3102.670833333333,5.735933030256593,3088.0,3121.1
19,xmeas_17,1440,22.93361875,0.6124056596199146,21.002,24.802
19,xmeas_18,1440,65.77188611111112,0.3666283689119685,64.955,66.715
19,xmeas_19,1440,231.56863194444446,9.160752902959615,209.91,253.27
19,xmeas_20,1440,341.4670138888889,1.4950697664250543,337.3,345.61
19,xmeas_21,1440,94.59838958333332,0.15052692819231567,94.107,95.007
19,xmeas_22,1440,77.29130833333333,0.24512134406208244,76.407,78.205
19,xmeas_23,1440,32.18740555555556,0.26963948746525446,31.319,33.071
19,xmeas_24,1440,8.885884305555555,0.1027122046677203,8.5963,9.2198
19,xmeas_25,1440,26.407006944444444,0.2944479881776631,25.645,27.351
19,xmeas_26,1440,6.882712777777778,0.10520149925108521,6.5509,7.1846
19,xmeas_27,1440,18.77250277777778,0.28619970477591555,18.052,19.754
19,xmeas_28,1440,1.656458888888889,0.025931560726478915,1.5823,1.7214
19,xmeas_29,1440,32.96514861111111,0.31752449599595634,32.146,33.808
19,xmeas_30,1440,13.822061111111111,0.10376099997690466,13.544,14.093
19,xmeas_31,1440,23.989418055555557,0.3501438782308104,22.923,25.002
19,xmeas_32,1440,1.2574490555555555,0.10338200754631081,0.98462,1.5339
19,xmeas_33,1440,18.55739861111111,0.3152116921037848,17.653,19.368
19,xmeas_34,1440,2.2620566666666666,0.026624413861746996,2.1825,2.3493
19,xmeas_35,1440,4.845460277777778,0.0657944972145627,4.6405,5.0107
19,xmeas_36,1440,2.301205694444444,0.05497673911622762,2.1452,2.4743
19,xmeas_37,1440,0.018877716180555556,0.009861851917425942,-0.0064793,0.049049
19,xmeas_38,1440,0.8358892361111111,0.017336451697001754,0.79453,0.87713
19,xmeas_39,1440,0.09866386805555555,0.009973693820194815,0.075065,0.12482
19,xmeas_40,1440,53.73904513888889,0.5162864755683046,52.612,55.051
19,xmeas_41,1440,43.81722222222223,0.5162794000962909,42.512,45.503
19,xmv_1,1440,63.040784027777775,0.5678140507860616,61.344,64.853
19,xmv_2,1440,53.96062291666667,0.46337516206915974,52.484,55.321
19,xmv_3,1440,24.611416666666667,2.7791384349441346,16.183,33.971
19,xmv_4,1440,61.255524305555554,1.2396554384505931,57.387,65.29
19,xmv_5,1440,22.299288194444443,0.7989169829564412,20.252,24.705
19,xmv_6,1440,40.036751388888895,1.4507716762348002,35.946,44.209
19,xmv_7,1440,38.21276805555556,2.931266941720075,30.616,47.235
19,xmv_8,1440,46.5705,2.467064351741938,38.812,55.201
19,xmv_9,1440,47.73515277777778,2.3939962868093705,42.091,53.501
19,xmv_10,1440,41.11041875,0.7169579423512862,38.735,43.115
19,xmv_11,1440,18.154943749999997,1.450542005154278,13.733,22.724
20,xmeas_1,1440,0.2506396388888889,0.0346961096966727,0.14997,0.35764
20,xmeas_2,1440,3665.2376388888883,34.29967694829825,3528.7,3779.7
20,xmeas_3,1440,4505.305208333333,41.27311390189494,4375.1,4629.5
20,xmeas_4,1440,9.347687222222222,0.10033778567129267,8.9552,9.6552
20,xmeas_5,1440,26.896184027777775,0.2138335655792569,26.116,27.633
20,xmeas_6,1440,42.33198541666667,0.22883222396015443,41.664,43.077
20,xmeas_7,1440,2703.996666666667,10.533114795573702,2663.5,2733.1
20,xmeas_8,1440,74.99779166666667,0.5961918048517124,73.278,77.081
20,xmeas_9,1440,120.40043750000001,0.02057587147957224,120.33,120.47
20,xmeas_10,1440,0.337312,0.013277135786932959,0.29415,0.378
20,xmeas_11,1440,79.96339236111112,0.40350524039261604,78.711,81.49
20,xmeas_12,1440,49.97493541666667,0.98051075350054,46.988,52.899
20,xmeas_13,1440,2619.604375,17.740912823058004,2556.6,2659.0
20,xmeas_14,1440,25.213827083333335,1.0347984390937697,21.767,28.128
20,xmeas_15,1440,50.02771666666668,1.037647043725528,46.575,53.853
20,xmeas_16,1440,3101.466180555556,8.716812690640312,3067.9,3123.8
20,xmeas_17,1440,22.959690277777778,0.6067769726633291,20.806,25.316
20,xmeas_18,1440,65.74274583333333,0.5067353295505771,64.301,66.999
20,xmeas_19,1440,233.26412499999998,12.379261500051504,202.83,263.93
20,xmeas_20,1440,337.5858680555556,5.2054110347745315,317.13,344.96
20,xmeas_21,1440,94.62322708333335,0.16659141935676303,94.136,95.349
20,xmeas_22,1440,77.13235625,0.3974206344637042,75.816,78.4
20,xmeas_23,1440,32.18535138888889,0.31548618975447607,31.155,33.043
20,xmeas_24,1440,8.8969475,0.10672243551629412,8.5834,9.2157
20,xmeas_25,1440,26.367288888888883,0.3618849999341795,25.266,27.716
20,xmeas_26,1440,6.883395833333333,0.10979128324055613,6.5972,7.3346
20,xmeas_27,1440,18.780711111111113,0.3141962266056344,17.715,19.715
20,xmeas_28,1440,1.6572652777777779,0.026579584090092256,1.575,1.7321
20,xmeas_29,1440,32.93150555555556,0.40888035731582667,31.772,34.216
20,xmeas_30,1440,13.822904166666664,0.11254644558968283,13.478,14.144
20,xmeas_31,1440,23.953745833333333,0.47121494306500467,22.609,25.379
20,xmeas_32,1440,1.2605272083333334,0.10129844293773961,0.88446,1.5494
20,xmeas_33,1440,18.61823888888889,0.4103579462783883,17.395,19.721
20,xmeas_34,1440,2.2659391666666666,0.02796248095590186,2.1778,2.3525
20,xmeas_35,1440,4.851499722222222,0.07819968577099938,4.6495,5.1164
20,xmeas_36,1440,2.299950138888889,0.05699470904312533,2.1465,2.4678
20,xmeas_37,1440,0.01725793429166667,0.010258377291243287,-0.0078483,0.04495
20,xmeas_38,1440,0.8361809027777778,0.022645415569171542,0.77628,0.89357
20,xmeas_39,1440,0.09902058333333333,0.009668886170835429,0.060252,0.12737
20,xmeas_40,1440,53.74297569444445,0.526834980519151,52.228,54.919
20,xmeas_41,1440,43.78011111111111,0.5188289737249905,42.36,45.032
20,xmv_1,1440,63.09262083333334,0.5900813485425941,60.954,64.887
20,xmv_2,1440,53.95132291666667,0.49441098869533945,52.479,55.467
20,xmv_3,1440,24.662470833333334,3.4074801011702824,14.476,35.243
20,xmv_4,1440,61.266649305555546,1.3327192269204893,56.528,64.852
20,xmv_5,1440,20.144269444444443,2.2808633954425224,13.009,23.489
20,xmv_6,1440,40.23470347222222,1.6188859471211696,35.42,44.675
20,xmv_7,1440,38.02625277777778,2.885505183498211,29.235,46.633
20,xmv_8,1440,46.59812916666667,2.401434973196219,38.609,55.45
20,xmv_9,1440,48.114415972222226,3.2069625160660746,40.285,56.028
20,xmv_10,1440,41.05513611111111,0.5903676463301253,38.794,42.849
20,xmv_11,1440,18.234543055555555,1.4453514610488036,12.606,23.394
