experiment_id,model_id,mod_code,class_label,precision,recall,f1,support,tp,fp,fn
exp-a4-v2,logistic_regression,MOD-1,0,0.0,0.0,0.0,0,0,3,0
exp-a4-v2,logistic_regression,MOD-1,1,0.0,0.0,0.0,0,0,15,0
exp-a4-v2,logistic_regression,MOD-1,2,0.9978494623655914,0.9666666666666667,0.982010582010582,480,464,1,16
exp-a4-v2,logistic_regression,MOD-1,3,0.2,0.20416666666666666,0.2020618556701031,480,98,392,382
exp-a4-v2,logistic_regression,MOD-1,4,0.0,0.0,0.0,0,0,352,0
exp-a4-v2,logistic_regression,MOD-1,5,0.0,0.0,0.0,0,0,575,0
exp-a4-v2,logistic_regression,MOD-1,6,0.9770992366412213,0.5333333333333333,0.6900269541778976,480,256,6,224
exp-a4-v2,logistic_regression,MOD-1,7,0.0,0.0,0.0,0,0,0,0
exp-a4-v2,logistic_regression,MOD-1,8,0.0,0.0,0.0,0,0,364,0
exp-a4-v2,logistic_regression,MOD-1,9,0.0,0.0,0.0,0,0,445,0
exp-a4-v2,logistic_regression,MOD-1,10,0.9327731092436975,0.23125,0.37061769616026713,960,222,16,738
exp-a4-v2,logistic_regression,MOD-1,11,0.11552346570397112,0.13333333333333333,0.12379110251450677,480,64,490,416
exp-a4-v2,logistic_regression,MOD-1,12,0.0,0.0,0.0,0,0,465,0
exp-a4-v2,logistic_regression,MOD-1,13,0.19444444444444445,0.058333333333333334,0.08974358974358976,480,28,116,452
exp-a4-v2,logistic_regression,MOD-1,14,0.0,0.0,0.0,960,0,0,960
exp-a4-v2,logistic_regression,MOD-1,15,0.1488,0.19375,0.1683257918552036,480,93,532,387
exp-a4-v2,logistic_regression,MOD-1,16,0.0,0.0,0.0,0,0,310,0
exp-a4-v2,logistic_regression,MOD-1,17,0.0,0.0,0.0,0,0,202,0
exp-a4-v2,logistic_regression,MOD-1,18,0.9361702127659575,0.18333333333333332,0.30662020905923343,960,176,12,784
exp-a4-v2,logistic_regression,MOD-1,19,0.11895910780669144,0.13333333333333333,0.12573673870333985,480,64,474,416
exp-a4-v2,logistic_regression,MOD-1,20,0.7958762886597938,0.8041666666666667,0.8000000000000002,480,386,99,94
exp-a4-v2,decision_tree,MOD-2,0,0.0,0.0,0.0,0,0,16,0
exp-a4-v2,decision_tree,MOD-2,1,0.0,0.0,0.0,0,0,3,0
exp-a4-v2,decision_tree,MOD-2,2,0.9933184855233853,0.9291666666666667,0.960172228202368,480,446,3,34
exp-a4-v2,decision_tree,MOD-2,3,0.0,0.0,0.0,480,0,29,480
exp-a4-v2,decision_tree,MOD-2,4,0.0,0.0,0.0,0,0,37,0
exp-a4-v2,decision_tree,MOD-2,5,0.0,0.0,0.0,0,0,28,0
exp-a4-v2,decision_tree,MOD-2,6,1.0,0.9979166666666667,0.9989572471324296,480,479,0,1
exp-a4-v2,decision_tree,MOD-2,7,0.0,0.0,0.0,0,0,1,0
exp-a4-v2,decision_tree,MOD-2,8,0.0,0.0,0.0,0,0,100,0
exp-a4-v2,decision_tree,MOD-2,9,0.0,0.0,0.0,0,0,230,0
exp-a4-v2,decision_tree,MOD-2,10,0.7906976744186046,0.07083333333333333,0.130019120458891,960,68,18,892
exp-a4-v2,decision_tree,MOD-2,11,0.9118457300275482,0.6895833333333333,0.7852906287069988,480,331,32,149
exp-a4-v2,decision_tree,MOD-2,12,0.0,0.0,0.0,0,0,334,0
exp-a4-v2,decision_tree,MOD-2,13,0.9175257731958762,0.37083333333333335,0.5281899109792285,480,178,16,302
exp-a4-v2,decision_tree,MOD-2,14,0.9734513274336283,0.8020833333333334,0.8794974300399772,960,770,21,190
exp-a4-v2,decision_tree,MOD-2,15,0.19428818693206404,0.9354166666666667,0.32174847724829814,480,449,1862,31
exp-a4-v2,decision_tree,MOD-2,16,0.0,0.0,0.0,0,0,89,0
exp-a4-v2,decision_tree,MOD-2,17,0.0,0.0,0.0,0,0,39,0
exp-a4-v2,decision_tree,MOD-2,18,0.9812792511700468,0.6552083333333333,0.7857589006870704,960,629,12,331
exp-a4-v2,decision_tree,MOD-2,19,0.8653846153846154,0.375,0.5232558139534884,480,180,28,300
exp-a4-v2,decision_tree,MOD-2,20,0.886986301369863,0.5395833333333333,0.6709844559585492,480,259,33,221
exp-a4-v2,random_forest,MOD-3,0,0.0,0.0,0.0,0,0,0,0
exp-a4-v2,random_forest,MOD-3,1,0.0,0.0,0.0,0,0,0,0
exp-a4-v2,random_forest,MOD-3,2,1.0,0.9520833333333333,0.975453575240128,480,457,0,23
exp-a4-v2,random_forest,MOD-3,3,0.19908466819221968,0.18125,0.18974918211559433,480,87,350,393
exp-a4-v2,random_forest,MOD-3,4,0.0,0.0,0.0,0,0,37,0
exp-a4-v2,random_forest,MOD-3,5,0.0,0.0,0.0,0,0,41,0
exp-a4-v2,random_forest,MOD-3,6,1.0,1.0,1.0,480,480,0,0
exp-a4-v2,random_forest,MOD-3,7,0.0,0.0,0.0,0,0,1,0
exp-a4-v2,random_forest,MOD-3,8,0.0,0.0,0.0,0,0,51,0
exp-a4-v2,random_forest,MOD-3,9,0.0,0.0,0.0,0,0,376,0
exp-a4-v2,random_forest,MOD-3,10,0.9184782608695652,0.17604166666666668,0.29545454545454547,960,169,15,791
exp-a4-v2,random_forest,MOD-3,11,0.9262899262899262,0.7854166666666667,0.8500563697857948,480,377,30,103
exp-a4-v2,random_forest,MOD-3,12,0.0,0.0,0.0,0,0,265,0
exp-a4-v2,random_forest,MOD-3,13,0.9428571428571428,0.55,0.6947368421052631,480,264,16,216
exp-a4-v2,random_forest,MOD-3,14,0.990909090909091,0.7947916666666667,0.8820809248554914,960,763,7,197
exp-a4-v2,random_forest,MOD-3,15,0.23338870431893688,0.5854166666666667,0.333729216152019,480,281,923,199
exp-a4-v2,random_forest,MOD-3,16,0.0,0.0,0.0,0,0,308,0
exp-a4-v2,random_forest,MOD-3,17,0.0,0.0,0.0,0,0,49,0
exp-a4-v2,random_forest,MOD-3,18,1.0,0.675,0.8059701492537313,960,648,0,312
exp-a4-v2,random_forest,MOD-3,19,0.8195876288659794,0.6625,0.7327188940092166,480,318,70,162
exp-a4-v2,random_forest,MOD-3,20,0.887240356083086,0.6229166666666667,0.7319461444308445,480,299,38,181
exp-a4-v2,gradient_boosting,MOD-4,0,0.0,0.0,0.0,0,0,161,0
exp-a4-v2,gradient_boosting,MOD-4,1,0.0,0.0,0.0,0,0,7,0
exp-a4-v2,gradient_boosting,MOD-4,2,0.9828693790149893,0.95625,0.969376979936642,480,459,8,21
exp-a4-v2,gradient_boosting,MOD-4,3,0.22520661157024793,0.22708333333333333,0.22614107883817425,480,109,375,371
exp-a4-v2,gradient_boosting,MOD-4,4,0.0,0.0,0.0,0,0,34,0
exp-a4-v2,gradient_boosting,MOD-4,5,0.0,0.0,0.0,0,0,14,0
exp-a4-v2,gradient_boosting,MOD-4,6,0.9561752988047809,1.0,0.9775967413441955,480,480,22,0
exp-a4-v2,gradient_boosting,MOD-4,7,0.0,0.0,0.0,0,0,1,0
exp-a4-v2,gradient_boosting,MOD-4,8,0.0,0.0,0.0,0,0,191,0
exp-a4-v2,gradient_boosting,MOD-4,9,0.0,0.0,0.0,0,0,504,0
exp-a4-v2,gradient_boosting,MOD-4,10,0.9147540983606557,0.290625,0.4411067193675889,960,279,26,681
exp-a4-v2,gradient_boosting,MOD-4,11,0.859375,0.8020833333333334,0.8297413793103448,480,385,63,95
exp-a4-v2,gradient_boosting,MOD-4,12,0.0,0.0,0.0,0,0,162,0
exp-a4-v2,gradient_boosting,MOD-4,13,0.8983050847457628,0.33125,0.48401826484018257,480,159,18,321
exp-a4-v2,gradient_boosting,MOD-4,14,0.993455497382199,0.790625,0.8805104408352669,960,759,5,201
exp-a4-v2,gradient_boosting,MOD-4,15,0.20470262793914246,0.30833333333333335,0.2460515378221114,480,148,575,332
exp-a4-v2,gradient_boosting,MOD-4,16,0.0,0.0,0.0,0,0,184,0
exp-a4-v2,gradient_boosting,MOD-4,17,0.0,0.0,0.0,0,0,47,0
exp-a4-v2,gradient_boosting,MOD-4,18,1.0,0.6822916666666666,0.8111455108359134,960,655,0,305
exp-a4-v2,gradient_boosting,MOD-4,19,0.7355555555555555,0.6895833333333333,0.7118279569892473,480,331,119,149
exp-a4-v2,gradient_boosting,MOD-4,20,0.7318181818181818,0.6708333333333333,0.7,480,322,118,158
exp-a4-v2,svm,MOD-5,0,0.0,0.0,0.0,0,0,0,0
exp-a4-v2,svm,MOD-5,1,0.0,0.0,0.0,0,0,0,0
exp-a4-v2,svm,MOD-5,2,0.9892703862660944,0.9604166666666667,0.974630021141649,480,461,5,19
exp-a4-v2,svm,MOD-5,3,0.18704284221525602,0.3729166666666667,0.2491301322199026,480,179,778,301
exp-a4-v2,svm,MOD-5,4,0.0,0.0,0.0,0,0,546,0
exp-a4-v2,svm,MOD-5,5,0.0,0.0,0.0,0,0,471,0
exp-a4-v2,svm,MOD-5,6,0.9871794871794872,0.32083333333333336,0.4842767295597485,480,154,2,326
exp-a4-v2,svm,MOD-5,7,0.0,0.0,0.0,0,0,66,0
exp-a4-v2,svm,MOD-5,8,0.0,0.0,0.0,0,0,616,0
exp-a4-v2,svm,MOD-5,9,0.0,0.0,0.0,0,0,456,0
exp-a4-v2,svm,MOD-5,10,1.0,0.04583333333333333,0.08764940239043824,960,44,0,916
exp-a4-v2,svm,MOD-5,11,0.0968421052631579,0.09583333333333334,0.09633507853403142,480,46,429,434
exp-a4-v2,svm,MOD-5,12,0.0,0.0,0.0,0,0,479,0
exp-a4-v2,svm,MOD-5,13,0.4727272727272727,0.05416666666666667,0.097196261682243,480,26,29,454
exp-a4-v2,svm,MOD-5,14,0.0,0.0,0.0,960,0,0,960
exp-a4-v2,svm,MOD-5,15,0.18696397941680962,0.22708333333333333,0.20507996237064913,480,109,474,371
exp-a4-v2,svm,MOD-5,16,0.0,0.0,0.0,0,0,246,0
exp-a4-v2,svm,MOD-5,17,0.0,0.0,0.0,0,0,87,0
exp-a4-v2,svm,MOD-5,18,0.9917355371900827,0.125,0.22201665124884368,960,120,1,840
exp-a4-v2,svm,MOD-5,19,0.20404040404040405,0.21041666666666667,0.20717948717948717,480,101,394,379
exp-a4-v2,svm,MOD-5,20,0.885286783042394,0.7395833333333334,0.8059023836549377,480,355,46,125
exp-a4-v2,xgboost,MOD-6,0,0.0,0.0,0.0,0,0,176,0
exp-a4-v2,xgboost,MOD-6,1,0.0,0.0,0.0,0,0,20,0
exp-a4-v2,xgboost,MOD-6,2,0.9681528662420382,0.95,0.9589905362776026,480,456,15,24
exp-a4-v2,xgboost,MOD-6,3,0.23717948717948717,0.23125,0.23417721518987342,480,111,357,369
exp-a4-v2,xgboost,MOD-6,4,0.0,0.0,0.0,0,0,41,0
exp-a4-v2,xgboost,MOD-6,5,0.0,0.0,0.0,0,0,6,0
exp-a4-v2,xgboost,MOD-6,6,0.9523809523809523,1.0,0.975609756097561,480,480,24,0
exp-a4-v2,xgboost,MOD-6,7,0.0,0.0,0.0,0,0,3,0
exp-a4-v2,xgboost,MOD-6,8,0.0,0.0,0.0,0,0,97,0
exp-a4-v2,xgboost,MOD-6,9,0.0,0.0,0.0,0,0,474,0
exp-a4-v2,xgboost,MOD-6,10,0.9453781512605042,0.234375,0.3756260434056761,960,225,13,735
exp-a4-v2,xgboost,MOD-6,11,0.7949790794979079,0.7916666666666666,0.7933194154488519,480,380,98,100
exp-a4-v2,xgboost,MOD-6,12,0.0,0.0,0.0,0,0,254,0
exp-a4-v2,xgboost,MOD-6,13,0.9626168224299065,0.42916666666666664,0.5936599423631124,480,206,8,274
exp-a4-v2,xgboost,MOD-6,14,0.9936061381074168,0.809375,0.8920780711825488,960,777,5,183
exp-a4-v2,xgboost,MOD-6,15,0.20684292379471228,0.27708333333333335,0.23686553873552985,480,133,510,347
exp-a4-v2,xgboost,MOD-6,16,0.0,0.0,0.0,0,0,233,0
exp-a4-v2,xgboost,MOD-6,17,0.0,0.0,0.0,0,0,28,0
exp-a4-v2,xgboost,MOD-6,18,0.9954614220877458,0.6854166666666667,0.811844540407156,960,658,3,302
exp-a4-v2,xgboost,MOD-6,19,0.8104838709677419,0.8375,0.8237704918032787,480,402,94,78
exp-a4-v2,xgboost,MOD-6,20,0.7575057736720554,0.6833333333333333,0.7185104052573932,480,328,105,152
